id|code|description|typeCode|type|batchRequired|batchRefRequired|batchMask|batchRefMask
1|RM1120|ACRILONITRILO|M.PRIM|MATERIA PRIMA|false|false| | 
2|MP1001|BENCENO|M.PRIM|MATERIA PRIMA|false|false| | 
4|MP1115|ETILBENCENO|M.PRIM|MATERIA PRIMA|false|false| | 
50|RM1110.3|NAFTA VIRGEN DE INTERFASE|M.PRIM|MATERIA PRIMA|true|false|####| 
51|RM1110.2|NAFTA VIRGEN DE YPF|M.PRIM|MATERIA PRIMA|true|true|####|TK###
52|RM1110.1|NAFTA VIRGEN DE REF. SAN LORENZO|M.PRIM|MATERIA PRIMA|false|false| | 
53|MP1105|PROPANO|M.PRIM|MATERIA PRIMA|false|false| |ESF###
54|RM1168|TETRALENE (M. PRIM)|M.PRIM|MATERIA PRIMA|false|false| | 
108|H2021|BASE OCTANICA|P.TERM|PROD. TERMINADO|false|false|####|TK###
109|H0100|BENCENO GRADO NITRACION|P.TERM|PROD. TERMINADO|true|true|####|NULL
110|H0121|GAS LICUADO DE PETROLEO|P.TERM|PROD. TERMINADO|true|true|####| 
111|H0110.|CORTE HIDROCARBURO PARAF.|P.TERM|PROD. TERMINADO|false|false|####| 
112|H0137|CORTE AROMATICO|P.TERM|PROD. TERMINADO|true|true| | 
113|H0151|ESTIRENO MONOMERO|P.TERM|PROD. TERMINADO|false|false||***###
114|H0202|HEXANO|P.TERM|PROD. TERMINADO|true|true|####|??*###
115|H0111|HIGH FLASH LIVIANO|P.TERM|PROD. TERMINADO|true|true|####| 
116|H2019|MOTOGASOLINA NORMAL RSL|P.TERM|PROD. TERMINADO|true|true|####|TK###
117|H0112|MOTOGASOLINA SUPER YPF|P.TERM|PROD. TERMINADO|false|true|####|TK###
118|H0114|NAFTA PARAFINICA|P.TERM|PROD. TERMINADO|false|true|####|TK###
119|H0116|PROPANO-PROPILENO|P.TERM|PROD. TERMINADO|true|false|#####|
120|H0115|PROPELENTE PARA AEROSOL|P.TERM|PROD. TERMINADO|true|true|####|
121|H0101|TOLUENO GRADO NITRACION|P.TERM|PROD. TERMINADO|true|false|####| 
123|H0152|PENTAMIX|P.TERM|PROD. TERMINADO|false|false|####|NULL
125|CP001|BTD / MEZCLADO|PROCESO|PROD. EN PROCESO|false|false|####|TK###
126|CP270|BTD/ RECICLO|PROCESO|PROD. EN PROCESO|false|false|####|TK###
127|CP002|STY/ MEZCLADO|PROCESO|PROD. EN PROCESO|false|true| |TK###
128|CP269|STY/ RECICLO|PROCESO|PROD. EN PROCESO|false|true| |TK###
129|CP003|LAVADOR CAUST. ARPOL|PROCESO|PROD. EN PROCESO|false|false| |D###
131|CP005|Rx.Final Cont.EPA120-1712 A|PROCESO|PROD. EN PROCESO|true|true|####|R###
132|CP006|Rx.Final Cont.EPA110-1502|PROCESO|PROD. EN PROCESO|true|true|####|R###
133|CP007|Rx.Final Cont.EPA111-1510|PROCESO|PROD. EN PROCESO|true|true|####|R###
136|CP010|Rx.Final Cont.EPA130-1721|PROCESO|PROD. EN PROCESO|true|true|####|R###
137|CP011|Rx.Final Batch EPA910-BJLT|PROCESO|PROD. EN PROCESO|true|true|####|R###
138|CP012|Rx.Final Batch EPA911-BJLT M40|PROCESO|PROD. EN PROCESO|true|true|####|R###
141|CP015|Rx.Final Batch EPA914-BLT|PROCESO|PROD. EN PROCESO|true|true|####|R###
142|CP016|Rx.Final Batch EPA920-CJLT|PROCESO|PROD. EN PROCESO|true|true|####|R###
145|CP019|Col. Desp. Cont. EPA220-1502|PROCESO|PROD. EN PROCESO|false|true| |T###
146|CP020|Col. Desp. Cont. EPA220-1510|PROCESO|PROD. EN PROCESO|false|true| |T###
147|CP021|Col. Desp. Cont. EPA220-1510 LM|PROCESO|PROD. EN PROCESO|false|true| |T###
149|CP023|Col. Desp. Cont. EPA220-1721|PROCESO|PROD. EN PROCESO|false|true| |T###
150|CP024|Desp. Batch. EPA910-BJLT|PROCESO|PROD. EN PROCESO|true|true|###|T###
152|CP026|Desp. Batch. EPA912- BJLT M50|PROCESO|PROD. EN PROCESO|true|true|###|T###
153|CP027|Desp. Batch. EPA913-BJJLT|PROCESO|PROD. EN PROCESO|true|true|###|T###
154|CP028|Desp. Batch. EPA914-BLT|PROCESO|PROD. EN PROCESO|true|true|###|T###
156|CP030|Desp. Batch. EPA921-CLT|PROCESO|PROD. EN PROCESO|true|true|###|T###
157|CP031|TK LATEX ARPOL 1712 A|PROCESO|PROD. EN PROCESO|false|true| |TK###
158|CP032|TK LATEX ARPOL 1502|PROCESO|PROD. EN PROCESO|false|true| |TK###
160|CP034|TK LATEX ARPOL 1510 LM|PROCESO|PROD. EN PROCESO|false|true| |TK###
161|CP035|TK LATEX ARPOL 1913|PROCESO|PROD. EN PROCESO|false|true|NULL|TK###
162|CP036|TK LATEX ARPOL 1721|PROCESO|PROD. EN PROCESO|false|true| |TK###
164|CP038|TK LATEX ARNIPOL BJLT M40|PROCESO|PROD. EN PROCESO|false|true| |TK###
166|CP040|TK LATEX ARNIPOL BJJLT|PROCESO|PROD. EN PROCESO|false|true| |TK###
167|CP041|TK LATEX ARNIPOL BLT|PROCESO|PROD. EN PROCESO|false|true| |TK###
168|CP042|TK LATEX ARNIPOL CJLT|PROCESO|PROD. EN PROCESO|false|true| |TK###
169|CP043|TK LATEX ARNIPOL CLT|PROCESO|PROD. EN PROCESO|false|true| |TK###
170|CP044|SALMUERA SDA FILTRO|PROCESO|PROD. EN PROCESO|false|false|NULL|NULL
171|CP045|SALMUERA PIL. TRATADA|PROCESO|PROD. EN PROCESO|false|false| | 
172|CP046|Rec.0010/0011: Jab½n KR|PROCESO|PROD. EN PROCESO|true|true|###|TK###
174|CP048|Rec.4000: Activ SBR|PROCESO|PROD. EN PROCESO|true|true|###|TK###
176|CP050|Rec.6001: Aox mezcla TNPP/Irg1520|PROCESO|PROD. EN PROCESO|true|true|###|TK###
177|CP051|Rec.0301: Soluc. Acelerante|PROCESO|PROD. EN PROCESO|false|false|NULL|NULL
195|CP069|LAVADO BTD ARNIPOL|PROCESO|PROD. EN PROCESO|false|true|NULL|D###
196|CPD13|ACRN DIL.|PROCESO|PROD. EN PROCESO|false|false||
197|CP070|Rx.Inter. Cont.EPA120-1712|PROCESO|PROD. EN PROCESO|false|false|NULL|NULL
198|CP071|Rx.Inter. Cont.EPA110-1502|PROCESO|PROD. EN PROCESO|false|false|NULL|NULL
200|CP073|Rx.Inter. Cont.EPA112-1510 LM|PROCESO|PROD. EN PROCESO|false|false|NULL|NULL
201|CP074|Rx.Inter. Cont.EPA130-1721|PROCESO|PROD. EN PROCESO|false|false|NULL|NULL
203|CP076|Rx.Inter. Cont.EPA150-BJLT|PROCESO|PROD. EN PROCESO|false|false|NULL|NULL
205|CP078|Rx.Inter. Batch EPA912-BJLT M50|PROCESO|PROD. EN PROCESO|false|false|NULL|NULL
206|CP079|Rx.Inter. Batch EPA913-BJJLT|PROCESO|PROD. EN PROCESO|false|false|NULL|NULL
207|CP080|Rx.Inter. Batch EPA914-BLT|PROCESO|PROD. EN PROCESO|false|false|NULL|NULL
208|CP081|Rx.Inter. Batch EPA920-CJLT|PROCESO|PROD. EN PROCESO|false|false|NULL|NULL
209|CP082|Rx.Inter. Batch EPA921-CLT|PROCESO|PROD. EN PROCESO|false|false|NULL|NULL
210|CP083|Rec.0900: Jabon Dil. NBR|PROCESO|PROD. EN PROCESO|true|true|###|TK###
211|CP084|Rec.0910: Activ NBR|PROCESO|PROD. EN PROCESO|true|true|###|TK###
213|CP086|CIMA TORRE ETILBZ|PROCESO|PROD. EN PROCESO|false|false| | 
214|CP087|SEPARADOR D13 - 212|PROCESO|PROD. EN PROCESO|false|false| | 
219|CP092|TK STY, SEMANAL|PROCESO|PROD. EN PROCESO|false|true|NULL|TK###
221|215|TETRALENE|PROCESO|PROD. EN PROCESO|false|false|NULL|NULL
222|CP093|T. MEZCLA D13 -402|PROCESO|PROD. EN PROCESO|false|false| | 
223|CP094|CARGA T. BENTOL|PROCESO|PROD. EN PROCESO|false|false||
224|199|CIMA TORRE BENTOL|PROCESO|PROD. EN PROCESO|false|false|NULL|NULL
226|CP096|CIMA TORRE RECICLO|PROCESO|PROD. EN PROCESO|false|false| | 
227|CP097|FDO T. RECICLO|PROCESO|PROD. EN PROCESO|false|false||
228|CP098|CIMA TORRE STY|PROCESO|PROD. EN PROCESO|false|false| | 
229|CP099|FDO T. FLASH|PROCESO|PROD. EN PROCESO|false|false| | 
231|CP101|TORRE 17 - D14 - 208|AMBIENTAL|AMBIENTAL|false|false|NULL|NULL
232|CP102|CARGA HORNOS  ETILENO|PROCESO|PROD. EN PROCESO|false|false|NULL|NULL
233|CP103|SDA HORNOS  ETILENO|PROCESO|PROD. EN PROCESO|false|false|NULL|NULL
234|193|CIMA DESMETA ETILENO|PROCESO|PROD. EN PROCESO|false|false|NULL|NULL
235|CP104|CIMA TORRE ETILENO|PROCESO|PROD. EN PROCESO|false|false| | 
236|148|FDO T. ETILENO|PROCESO|PROD. EN PROCESO|false|false|NULL|NULL
238|CP106|CARGA UHA|PROCESO|PROD. EN PROCESO|false|false|NULL|NULL
239|CP107|SDA PRIMARIO|PROCESO|PROD. EN PROCESO|false|false|NULL|NULL
240|CP108|SDA SECUNDARIO|PROCESO|PROD. EN PROCESO|false|false| | 
241|CP109|H2 DE CARGA|PROCESO|PROD. EN PROCESO|false|false|NULL|NULL
242|CP110|REACTOR ETILBZ|PROCESO|PROD. EN PROCESO|false|false|NULL|NULL
243|CP111|CIMA TORRE BZ|PROCESO|PROD. EN PROCESO|false|false| | 
244|CP112|FDO TORRE BZ|PROCESO|PROD. EN PROCESO|false|false|NULL|NULL
245|CP113|CIMA POLIETILBZ|PROCESO|PROD. EN PROCESO|false|false|NULL|NULL
246|CP114|FDO POLIETILBZ|PROCESO|PROD. EN PROCESO|false|false|NULL|NULL
247|E0098|ETILBZ CRUDO|PROCESO|PROD. EN PROCESO|false|false|NULL|NULL
248|CP115|DRENAJE H2O REFL. BZ|PROCESO|PROD. EN PROCESO|false|false|NULL|NULL
249|CP116|LAVADOR DE AGUA|PROCESO|PROD. EN PROCESO|false|true|NULL|D###
250|CP117|LAVADOR DE OHNA|PROCESO|PROD. EN PROCESO|false|true| |D###
251|CP118|ALIMENT. TRANSALQ.|PROCESO|PROD. EN PROCESO|false|false|NULL|NULL
252|CP119|EFLUENTE TRANSALQ.|PROCESO|PROD. EN PROCESO|false|false|NULL|NULL
253|CP120|CIMA ALQUILADOR|PROCESO|PROD. EN PROCESO|false|false| | 
254|CP121|EFLUENTE TERMINADOR|PROCESO|PROD. EN PROCESO|false|false|NULL|NULL
255|CP122|FDO. ALQUILADOR|PROCESO|PROD. EN PROCESO|false|false| | 
256|CP123|GAS DE VENTEO|PROCESO|PROD. EN PROCESO|false|false| | 
257|EXT014|NAFTA VIRGEN REFINOR|SERV. A CO|SERV. A COMPANIA RELAC.|false|false| | 
258|CP125|CIMA T. PREFRACC.|PROCESO|PROD. EN PROCESO|false|false| | 
259|CP126|SPLITTER # 0|PROCESO|PROD. EN PROCESO|false|false| | 
261|CP128|TORRE DESBUTA (Reforma)|PROCESO|PROD. EN PROCESO|false|false| | 
262|CP129|CIMA TORRE DESETA|PROCESO|PROD. EN PROCESO|false|false|NULL|NULL
263|CP130|TORRE ESTABIL.|PROCESO|PROD. EN PROCESO|false|false| | 
264|162|REFINADO PARAF.|PROCESO|PROD. EN PROCESO|false|false| | 
265|182|EXTRACTO|PROCESO|PROD. EN PROCESO|false|false| | 
266|CP131|TORRE DESPOJ. DE SOLV.|PROCESO|PROD. EN PROCESO|false|false| | 
267|CP132|TORRE SOLV.|PROCESO|PROD. EN PROCESO|false|false|NULL|NULL
268|CP133|TORRE BZ (C.LATERAL )|PROCESO|PROD. EN PROCESO|false|false|NULL|NULL
269|CP134|TORRE TOL. TERM.|PROCESO|PROD. EN PROCESO|false|false|NULL|NULL
270|CP135|CARGA REACT. HDA|PROCESO|PROD. EN PROCESO|false|false|NULL|NULL
271|CP136|FDO T.  ESTABILIZADORA|PROCESO|PROD. EN PROCESO|false|false|NULL|NULL
276|CP141|PTA. LINEA TOL.|PROCESO|PROD. EN PROCESO|false|false|NULL|NULL
277|CP142|PTA. LINEA XIL.|PROCESO|PROD. EN PROCESO|false|false|NULL|NULL
278|CP143|PTA. LINEA HIGH FLASH|PROCESO|PROD. EN PROCESO|false|false|NULL|NULL
279|CP144|CIMA T.TOL-XIL(AROM)|PROCESO|PROD. EN PROCESO|false|false|NULL|NULL
280|CP145|FDO T.TOL-XIL(AROM)|PROCESO|PROD. EN PROCESO|false|false|NULL|NULL
281|CP146|CIMA T. DILUYENTES (XIL/HF)|PROCESO|PROD. EN PROCESO|false|false|NULL|NULL
282|CP147|FDO T. DILUYENTE (TOL IMP)|PROCESO|PROD. EN PROCESO|false|false|NULL|NULL
283|CP148|CIMA TORRE HIGH FLASH (XIL/HF)|PROCESO|PROD. EN PROCESO|false|false||
284|174|TORRE DESBUTA (Butadieno)|PROCESO|PROD. EN PROCESO|false|false| | 
285|CP149|FDO. DESETA|PROCESO|PROD. EN PROCESO|false|false|NULL|NULL
286|CP150|SDA LAVADOR LPG|PROCESO|PROD. EN PROCESO|false|false|NULL|NULL
287|CP151|CIMA DEOILER|PROCESO|PROD. EN PROCESO|false|false|NULL|NULL
288|177|FDO DEOILER|PROCESO|PROD. EN PROCESO|false|false|NULL|NULL
291|CP154|UHR ( 1 )|PROCESO|PROD. EN PROCESO|false|false|NULL|NULL
292|CP155|CIMA DESTIL. HEXANO|PROCESO|PROD. EN PROCESO|false|false|NULL|NULL
448|CP156|Rx.Final Cont.EPA121-1712 B|PROCESO|PROD. EN PROCESO|true|true|####|R###
449|CP157|Rx.Final Cont.EPA122-1712 C|PROCESO|PROD. EN PROCESO|true|true|####|R###
450|CP158|TK LATEX ARPOL 1712 B|PROCESO|PROD. EN PROCESO|false|true| |TK###
451|CP159|TK LATEX ARPOL 1712 C|PROCESO|PROD. EN PROCESO|false|true| |TK###
454|CP162|Rec.0800: Jab½n Dil. R85|PROCESO|PROD. EN PROCESO|true|true|###|TK###
455|CP163|Rec.4000: Activ R 85|PROCESO|PROD. EN PROCESO|true|true|###|TK###
456|CP164|SHORTSTOP SDD R 85 Y 1913|PROCESO|PROD. EN PROCESO|true|true|###|TK###
457|CP165|Rx.Final Cont.EPA140-R 85|PROCESO|PROD. EN PROCESO|true|true|####|R###
459|CP167|TK LATEX ARPOL 1712 M|PROCESO|PROD. EN PROCESO|false|true|NULL|TK###
460|CP168|TERM. RES 85 DE LINEA|PROCESO|PROD. EN PROCESO|true|true|####|C###
464|CP170|TK LATEX RESINA 85|PROCESO|PROD. EN PROCESO|false|true|NULL|TK###
465|CP171|LAVADO BTD RESINA 85|PROCESO|PROD. EN PROCESO|false|true|NULL|D###
466|CP172|Desp. Batch. R-85|PROCESO|PROD. EN PROCESO|true|true|###|T###
467|CP173|LOTE EN PREP.PROPELENTE|PROCESO|PROD. EN PROCESO|false|true|NULL|TK###
468|CP174|LOTE EN PREP.HEXANO|PROCESO|PROD. EN PROCESO|false|true|NULL|TK###
469|CP175|PTA LINEA CARG. (LPG)|PROCESO|PROD. EN PROCESO|false|false|NULL|NULL
473|CP179|FDO TORRE DESETA|PROCESO|PROD. EN PROCESO|false|false|NULL|NULL
474|CP180|FDO T. ETILBZ|PROCESO|PROD. EN PROCESO|false|false|NULL|NULL
475|CP181|FDO T. PEB|PROCESO|PROD. EN PROCESO|false|false|NULL|NULL
476|CP182|CIMA TORRE PEB|PROCESO|PROD. EN PROCESO|false|false| | 
477|CP183|BZ FREZCO DE REF.|PROCESO|PROD. EN PROCESO|false|false|NULL|NULL
478|CP184|TANQUE 104|AMBIENTAL|AMBIENTAL|false|false|NULL|NULL
479|CP185|LAND FARMING|AMBIENTAL|AMBIENTAL|true|false| |P#
481|E0084|EMPASTE ARNIPOL OZO|P.TERM|PROD. TERMINADO|true|true|??###|C###
487|CP188|CIMA T. DILUYENTES (TOL IMP)|PROCESO|PROD. EN PROCESO|false|false|NULL|NULL
488|CP189|CIMA T.TOL-XIL(XIL/HF)|PROCESO|PROD. EN PROCESO|false|false|NULL|NULL
489|CP190|CIMA T.TOL-XIL(TOL IMP)|PROCESO|PROD. EN PROCESO|false|false|NULL|NULL
490|CP191|FDO T.TOL-XIL(XIL/HF)|PROCESO|PROD. EN PROCESO|false|false|NULL|NULL
491|CP192|FDO T.TOL-XIL(TOL IMP)|PROCESO|PROD. EN PROCESO|false|false|NULL|NULL
496|CP197|EFLUENTE API 400|AMBIENTAL|AMBIENTAL|false|false| | 
497|CP198|EFLUENTE MH 3|AMBIENTAL|AMBIENTAL|false|false| | 
498|CP199|EFLUENTE INFILCO|AMBIENTAL|AMBIENTAL|false|false|NULL|NULL
499|CP200|AIRE. EMISIONES FUG.|AMBIENTAL|AMBIENTAL|false|false|NULL|NULL
500|CP201|BTD. TK|PROCESO|PROD. EN PROCESO|false|true|####|TK###
503|VT001|ARPOL 1712 A (venta)|NO_CATA|No Catalogado|false|false| | 
504|VT002|ARPOL 1712 B (venta)|NO_CATA|No Catalogado|false|false| | 
505|VT003|ARPOL 1712 C (venta)|NO_CATA|No Catalogado|false|false| | 
506|VT004|ARPOL 1712 L (venta)|NO_CATA|No Catalogado|false|false| | 
507|VT005|ARPOL 1712 M (venta)|NO_CATA|No Catalogado|false|false| | 
290|CP153|TANQUE 426|PROCESO|PROD. EN PROCESO|false|false|NULL|NULL
220|139|CIMA TORRE xxxxxxx|PROCESO|PROD. EN PROCESO|false|false| | 
509|VT007|ARNIPOL BJLT M50 (venta)|NO_CATA|No Catalogado|false|false| | 
508|VT006|ARNIPOL BJLT M40 (venta)|NO_CATA|No Catalogado|false|false| | 
510|VT008|ARNIPOL BJLT _ (venta)|NO_CATA|No Catalogado|false|false| | 
512|CP202|GAS INERTE|PROCESO|PROD. EN PROCESO|false|false| | 
513|CP203|CIMA BENZOL|PROCESO|PROD. EN PROCESO|false|false| | 
122|H0136|XILENOS GRADO NITRACION|P.TERM|PROD. TERMINADO|true|true|####| 
237|CP105|ABSORB. ANHID. CARBONICO|PROCESO|PROD. EN PROCESO|false|false| | 
7|236-40-08-00047|QU-1706 AC. GRASO|IQ|INSUMO QUIMICO|false|false|NULL|NULL
55|236-40-08-00048|QU-1708  AC. OLEICO|IQ|INSUMO QUIMICO|false|false|NULL|NULL
8|236-24-28-00001|QU-1780 AG. SECUESTRANTE|IQ|INSUMO QUIMICO|false|false|NULL|NULL
57|QU1702|QU-1702 AGUA OXIGENADA|IQ|INSUMO QUIMICO|false|false|NULL|NULL
58|236-32-28-00008|QU-1710 AMINA FILMICA. pHILMPLUS 5K14L|IQ|INSUMO QUIMICO|false|false| | 
59|236-24-92-00022|QU-1422 AMINA FILMICA. N 9 RF 780|IQ|INSUMO QUIMICO|false|false|NULL|NULL
60|236-24-92-00029|QU-1712 AMINA NEUTRAL.|IQ|INSUMO QUIMICO|false|false| | 
61|236-24-92-00023|QU-1423 AMINA NEUTRAL. N 5136|IQ|INSUMO QUIMICO|false|false|NULL|NULL
62|236-24-92-00038|QU-1860 ANTIADHERENTE (SILICONA)|IQ|INSUMO QUIMICO|false|false| | 
63|236-24-92-00031|QU-1736 ANTIADHERENTE / NBR ( DFL )|IQ|INSUMO QUIMICO|false|false||
64|QU1670|QU-1670 ANTIESPUMANTE / NBR|IQ|INSUMO QUIMICO|false|false||
65|236-24-92-00028|QU-1704 ANTIESPUMANTE / SBR|IQ|INSUMO QUIMICO|false|false| | 
9|236-24-92-00042|QU-1890 ANTIOXIDANTE (VINESTAB)|IQ|INSUMO QUIMICO|false|false|NULL|NULL
10|236-24-92-00043|QU-1895 ANTIOXIDANTE IRGANOX|IQ|INSUMO QUIMICO|false|false|NULL|NULL
11|236-24-92-00044|DISCONTINUADO_QU-1900 ANTIOZONANTE " A "|IQ|INSUMO QUIMICO|false|false||
12|236-24-92-00035|QU-1857 ANTIOZONANTE " B "|IQ|INSUMO QUIMICO|false|false|NULL|NULL
66|QU1449|QU-1449 CAL HIDRATADA|IQ|INSUMO QUIMICO|false|false| | 
68|236-40-08-00040|QU-1448 CLORO LIQUIDO|IQ|INSUMO QUIMICO|false|false| | 
69|236-40-08-00050|QU-1723 CLORURO DE POTASIO|IQ|INSUMO QUIMICO|false|false| | 
71|236-24-92-00030|QU-1725 COAGULANTE|IQ|INSUMO QUIMICO|false|false|NULL|NULL
72|236-24-92-00045|QU-1910 COAGULANTE B|IQ|INSUMO QUIMICO|false|false|NULL|NULL
14|236-24-92-00032|QU-1829 D.E.H.A|IQ|INSUMO QUIMICO|false|false|NULL|NULL
73|236-28-16-00003|QU-1816 DISPERSANTE|IQ|INSUMO QUIMICO|false|false| | 
74|236-24-38-00007|QU-1737 EMULSION.SEC. EN SOLUCI+N|IQ|INSUMO QUIMICO|false|false|NULL|NULL
75|236-24-24-00001|QU-1550 FLOCULANTE NALCO 7128|IQ|INSUMO QUIMICO|false|false|NULL|NULL
76|236-32-16-00001|QU-1715 INHIBID.CORROSION BETZ DEARBORN H - 233|IQ|INSUMO QUIMICO|false|false|NULL|NULL
77|236-32-28-00006|QU-1781 INHIBIDOR DE POP CORN|IQ|INSUMO QUIMICO|false|false|NULL|NULL
79|QU1870|QU-1870 METABISULFITO DE SODIO|IQ|INSUMO QUIMICO|false|false|NULL|NULL
80|236-24-92-00025|QU-1573 METANOL|IQ|INSUMO QUIMICO|false|false| | 
17|236-24-92-00039|QU-1863 MODIFICADOR T.D.M.|IQ|INSUMO QUIMICO|false|false| | 
82|236-40-08-00042|QU-1588 NITRITO DE SODIO|IQ|INSUMO QUIMICO|false|false|NULL|NULL
83|GL1439|GL-1439 NITROGENO|IQ|INSUMO QUIMICO|false|false| | 
84|236-24-92-00034|QU-1835 POLIELECTROLITO / EFLUENTES|IQ|INSUMO QUIMICO|false|false|NULL|NULL
19|236-40-08-00052|QU-1771 POTASA ( SOLUCION )|IQ|INSUMO QUIMICO|false|false| | 
20|236-24-92-00036|QU-1858 SDD.DIMET.DITIOC.SODIO|IQ|INSUMO QUIMICO|false|false|NULL|NULL
21|236-24-92-00037|QU-1859 SFS.SULFOX.FORMAL.SODIO|IQ|INSUMO QUIMICO|false|false| | 
85|236-40-08-00043|QU-1626 SODA CAUSTICA ( SOLUCI+N )|IQ|INSUMO QUIMICO|false|false| | 
86|236-40-08-00041|QU-1530 SOL. HIPOCLORITO DE SODIO|IQ|INSUMO QUIMICO|false|false|NULL|NULL
22|236-40-08-00053|QU-1862 SULFATO FERROSO|IQ|INSUMO QUIMICO|false|false|NULL|NULL
87|236-40-08-00039|QU-1440 SULFURO DE CARBONO|IQ|INSUMO QUIMICO|false|false|NULL|NULL
88|236-40-08-00045|QU-1644 TETRAETILENGLICOL|IQ|INSUMO QUIMICO|false|false| | 
89|236-24-92-00041|QU-1878 TPP EN SOLUCI+N.( FOSFATO TRIPOTASICO )|IQ|INSUMO QUIMICO|false|false|NULL|NULL
90|236-40-08-00046|QU-1645 TRICLOROETILENO|IQ|INSUMO QUIMICO|false|false| | 
514|QU1420|QU-1420 ACTRENE EC 3058 A|IQ|INSUMO QUIMICO|false|false| | 
515|236-24-92-00027|QU-1660 ANTIESP. Petroflo23Y14|IQ|INSUMO QUIMICO|false|false| | 
516|236-24-92-00050|QU-1650 ANTIESPUMANTE EC 9061 A|IQ|INSUMO QUIMICO|false|false| | 
24|236-40-08-00019|ALUMINA ACTIVADA|OI|OTROS INSUMOS|false|false|NULL|NULL
25|236-40-08-00035|CARBON ACTIV./ DESOD.PROP.|OI|OTROS INSUMOS|false|false|NULL|NULL
26|236-40-08-00034|CARBON ACTIV./ RET. MAT. ORG.|OI|OTROS INSUMOS|false|false|NULL|NULL
27|236-40-08-00020|CATALIZ.DESULFURIZACION|OI|OTROS INSUMOS|false|false|NULL|NULL
30|236-40-08-|CATALIZADOR ESTIRENO|OI|OTROS INSUMOS|false|false| | 
29|236-40-08-04013|CATALIZADOR ESTIRENO REMANENTE|OI|OTROS INSUMOS|false|false| | 
34|236-40-08-04014|CATALIZADOR HIDROG. ACETILENOS|OI|OTROS INSUMOS|false|false| | 
33|236-40-08-00022|CATALIZADOR HIDROGENACION -UHR|OI|OTROS INSUMOS|false|false|NULL|NULL
35|CD1340|CATALIZADOR REFORMA|OI|OTROS INSUMOS|false|false|NULL|NULL
28|236-40-08-04012|CATALIZ ELIMINADOR H2.SCAVENGER|OI|OTROS INSUMOS|false|false| | 
37|CD1250|GRAVA FINA. SOPORTE DE RESINAS|OI|OTROS INSUMOS|false|false|NULL|NULL
38|CD1260|GRAVA GRUESA.SOPORTE DE RESINAS|OI|OTROS INSUMOS|false|false|NULL|NULL
39|CD1255|GRAVA MEDIA. SOPORTE DE RESINAS|OI|OTROS INSUMOS|false|false|NULL|NULL
40|236-40-08-04020|MOLECULAR SIEVES.  3A  1/8 "|OI|OTROS INSUMOS|false|false| | 
42|236-24-40-00006|RESINA ANIONICA / LECHO ANI+NICO|OI|OTROS INSUMOS|false|false|NULL|NULL
43|236-24-40-00007|RESINA ANIONICA / LECHO MIXTO|OI|OTROS INSUMOS|false|false|NULL|NULL
44|236-24-40-00004|RESINA CATIONICA / LECHO CATI+NICO|OI|OTROS INSUMOS|false|false|NULL|NULL
45|236-24-40-00005|RESINA CATIONICA / LECHO MIXTO|OI|OTROS INSUMOS|false|false|NULL|NULL
46|236-40-08-00024|TAMIZ MOLECULAR. / DESODOR. PROPELENTE|OI|OTROS INSUMOS|false|false|NULL|NULL
47|236-40-08-04021|TAMIZ MOLECULAR. /SECADO CORR. ETILENO|OI|OTROS INSUMOS|false|false| | 
518|CP214|EFLUENTE MH 12|AMBIENTAL|AMBIENTAL|false|false|NULL|NULL
31|236-40-08-04022|CATALIZADOR/ PROD. ETBZ. ( BALAS )|OI|OTROS INSUMOS|false|false| | 
521|236-40-08-00028|ARCILLA  DIATOMEA FILTROL F-24|OI|OTROS INSUMOS|false|false|NULL|NULL
523|CD1474|ESFERA REFRACTARIAS DE 1/8"|OI|OTROS INSUMOS|false|false|NULL|NULL
524|236-40-08-00030|ESFERA REFRACTARIA DE 1/4"|OI|OTROS INSUMOS|false|false|NULL|NULL
525|236-40-08-00031|ESFERA REFRACTARIA DE 1-1/2"|OI|OTROS INSUMOS|false|false|NULL|NULL
526|236-40-08-00032|ESFERA REFRACTARIA DE 3/8"|OI|OTROS INSUMOS|false|false|NULL|NULL
527|236-40-08-00033|ESFERA REFRACTARIA DE 3/4"|OI|OTROS INSUMOS|false|false|NULL|NULL
528|CD1479|ESFERA REFRACTARIA 1"|OI|OTROS INSUMOS|false|false|NULL|NULL
529|CD1480|ESFERA REFRACTARIA 1/2"|OI|OTROS INSUMOS|false|false|NULL|NULL
530|CD1615|CARBON ACTIVADO TIPO  00GLTG|OI|OTROS INSUMOS|false|false|NULL|NULL
531|236-40-08-00036|CARBON ACTIVADO TIPO 00GLTF|OI|OTROS INSUMOS|false|false|NULL|NULL
48|236-40-08-00027|TRAMPA DE CL2 PARA CORRIENTE H2|OI|OTROS INSUMOS|false|false| | 
6|236-24-40-00008|QU-1850 AC. DE RESINA|IQ|INSUMO QUIMICO|false|false|NULL|NULL
260|CP127|TORRE DESPOJADORA|PROCESO|PROD. EN PROCESO|false|false|NULL|NULL
532|236-40-08-00026|CATALIZADOR DE ESTIRENO REMANENTE|OI|OTROS INSUMOS|false|false| | 
32|236-40-08-00021|CATALIZADOR/ PROD. ETBZ. ( GRANEL )|OI|OTROS INSUMOS|false|false|NULL|NULL
551|CJ-037/1|CJ-037 BASE-COMP. P/CAJON 25 FARDOS|EMBALAJE|EMBALAJE|false|false|NULL|NULL
552|CJ-037/2|BASE-COMP. P/CAJON FARDOS|EMBALAJE|EMBALAJE|false|false|NULL|NULL
553|CJ-331/1|LATERAL MENOR-COMP. P/CAJON 25 FARDOS|EMBALAJE|EMBALAJE|false|false|NULL|NULL
554|CJ-331/2|LATERAL MENOR-COMP. P/CAJON 15 FARDOS|EMBALAJE|EMBALAJE|false|false|NULL|NULL
555|CJ-332/1|LATERAL MAYOR-COMP. P/CAJON 25 FARDOS|EMBALAJE|EMBALAJE|false|false|NULL|NULL
556|CJ-332/2|LATERAL MAYOR-COMP. P/CAJON 15 FARDOS|EMBALAJE|EMBALAJE|false|false|NULL|NULL
557|CJ-561/1|TAPA-COMP. P/CAJON EMBALAJE 25 FARDOS|EMBALAJE|EMBALAJE|false|false|NULL|NULL
558|CJ-561/2|TAPA-COMP. P/CAJON EMBALAJE 15 FARDOS|EMBALAJE|EMBALAJE|false|false|NULL|NULL
559|EN-020/1|EN-020 ADHESIVO VEGETAL P/CARTON|EMBALAJE|EMBALAJE|false|false|NULL|NULL
560|EN-033/1|EN-033 BOLSA POLIET.P/RESINA 1913|EMBALAJE|EMBALAJE|false|false|NULL|NULL
561|EN-036/1|EN-036 BOLSA POLIETILENO P/CAUCHO C|EMBALAJE|EMBALAJE|false|false|NULL|NULL
534|EN-040/1|EN-040 BOLSA POLIET.CAJ.CART.36 FARDOS|EMBALAJE|EMBALAJE|false|false|NULL|NULL
562|EN-043/1|EN-043 BOLSA POLIET. P/CAJON 25 FARDOS|EMBALAJE|EMBALAJE|false|false|NULL|NULL
563|EN-045/1|EN-045 BOLSA POLIET. P/CAJON 15 FARDOS|EMBALAJE|EMBALAJE|false|false|NULL|NULL
564|EN-048/1|EN-048 CLAVOS 1-1/2" PUNTA PARIS|EMBALAJE|EMBALAJE|false|false|NULL|NULL
565|EN-049/1|EN-049 CLAVOS 2" PUNTA PARIS|EMBALAJE|EMBALAJE|false|false|NULL|NULL
566|EN-050/1|EN-050 CLAVOS 3" PUNTA PARIS|EMBALAJE|EMBALAJE|false|false|NULL|NULL
535|EN-058/1|CAJA CARTON CORRUGADO P/36 FARDOS|EMBALAJE|EMBALAJE|false|false|NULL|NULL
536|EN-065/1|EN-065 CAJA CARTON P/36 FARDOS|EMBALAJE|EMBALAJE|false|false|NULL|NULL
537|EN-148/1|EN-148 FILM DE POLIET. P/ ARPOL LINEA SUR|EMBALAJE|EMBALAJE|false|false|NULL|NULL
538|EN-151/1|EN-151FILM DE POLIET. PARA ARPOL|EMBALAJE|EMBALAJE|false|false|NULL|NULL
568|EN-152/1|EN-152 FLEJE ACERO P/ZUNCHADO CAJONES|EMBALAJE|EMBALAJE|false|false|NULL|NULL
539|EN-155/1|EN-155 FILM DE POLIET." UV" PARA ARNIPOL|EMBALAJE|EMBALAJE|false|false|NULL|NULL
569|EN-161/1|EN-161 LAMINA POLIET. P/CAJON 25 FARDOS|EMBALAJE|EMBALAJE|false|false|NULL|NULL
570|EN-165/1|EN-165 LAMINA POLIET.P/CAJON 15 FARDOS|EMBALAJE|EMBALAJE|false|false|NULL|NULL
571|EN-211/1|EN-211 HEBILLAS SEGURO P/FLEJADO|EMBALAJE|EMBALAJE|false|false| | 
540|EN-345/1|EN-345 TARIMA P/CAJA  CARTON 36 FARDOS|EMBALAJE|EMBALAJE|false|false| | 
572|EN-464/1|EN-464 TABL.ENV.CAUCHO 25 FARDOS TAPA-BASE|EMBALAJE|EMBALAJE|false|false|NULL|NULL
573|EN-464/2|TABL.ENV.CAUCHO 15 FARDOS TAPA-BASE|EMBALAJE|EMBALAJE|false|false|NULL|NULL
574|EN-465/1|EN-465 TABL.ENV.CAUCHO 25 FARDOS L MENOR|EMBALAJE|EMBALAJE|false|false|NULL|NULL
575|EN-465/2|TABL.ENV.CAUCHO 15 FARDOS L MENOR|EMBALAJE|EMBALAJE|false|false|NULL|NULL
576|EN-466/1|EN-466 TABL.ENV.CAUCHO L. MAYOR|EMBALAJE|EMBALAJE|false|false|NULL|NULL
577|EN-466/2|TABL.ENV.CAUCHO 15 FARDOS L MAYOR|EMBALAJE|EMBALAJE|false|false|NULL|NULL
541|EN-468/1|EN-468 CINTA IDENT. ARPOL 1502|EMBALAJE|EMBALAJE|false|false|NULL|NULL
542|EN-469/1|EN-469 CINTA IDENT. ARPOL 1510|EMBALAJE|EMBALAJE|false|false|NULL|NULL
543|EN-470/1|EN-470 CINTA IDENT. ARPOL 1712|EMBALAJE|EMBALAJE|false|false|NULL|NULL
544|EN-475/1|EN-475 CINTA IDENT. ARPOL 1721|EMBALAJE|EMBALAJE|false|false| | 
545|EN-476/1|EN-476 CINTA IDENT. ARPOL 1510 LM|EMBALAJE|EMBALAJE|false|false|NULL|NULL
546|EN-480/1|EN-480 CINTA IDENT. ARNIPOL BJLT|EMBALAJE|EMBALAJE|false|false|NULL|NULL
547|EN-481/1|EN-481 CINTA IDENT. ARNIPOL BJJLT|EMBALAJE|EMBALAJE|false|false|NULL|NULL
548|EN-482/1|EN-482 CINTA IDENT. ARNIPOL BLT|EMBALAJE|EMBALAJE|false|false|NULL|NULL
549|EN-483/1|EN-483 CINTA IDENT. ARNIPOL CJLT|EMBALAJE|EMBALAJE|false|false|NULL|NULL
550|EN-484/1|EN-484 CINTA IDENT. ARNIPOL CLT|EMBALAJE|EMBALAJE|false|false|NULL|NULL
480|CP186|AGUA NAPA FREATICA|AMBIENTAL|AMBIENTAL|false|true| | 
472|CP178|AIRE. CONT.CALIDAD|AMBIENTAL|AMBIENTAL|false|false|NULL|NULL
144|CP018|Col. Desp. Cont. EPA220-1712|PROCESO|PROD. EN PROCESO|false|true| |T###
151|CP025|Desp. Batch. EPA911-BJLT M40|PROCESO|PROD. EN PROCESO|true|true|###|T###
471|CP177|EFLUENTE PARSHALL|AMBIENTAL|AMBIENTAL|false|false| | 
204|CP077|Rx.Inter. Batch EPA911-BJLT M40|PROCESO|PROD. EN PROCESO|false|false|NULL|NULL
199|CP072|Rx.Inter. Cont.EPA111-1510|PROCESO|PROD. EN PROCESO|false|false|NULL|NULL
202|CP075|Rx.Inter. Cont.F.Uso|PROCESO|PROD. EN PROCESO|false|false|NULL|NULL
140|CP014|Rx.Final Batch EPA913-BJJLT|PROCESO|PROD. EN PROCESO|true|true|####|R###
139|CP013|Rx.Final Batch EPA912-BJLT M50|PROCESO|PROD. EN PROCESO|true|true|####|R###
452|CP160|Rx.Final Cont.EPA124-1712M|PROCESO|PROD. EN PROCESO|true|true|####|R###
165|CP039|TK LATEX ARNIPOL BJLT M50|PROCESO|PROD. EN PROCESO|false|true| |TK###
580|CP204|EFLUENTE MH 10|AMBIENTAL|AMBIENTAL|false|false|NULL|NULL
581|CP205|EFLUENTE API USINA|AMBIENTAL|AMBIENTAL|false|false|NULL|NULL
582|CP206|REACTORES PTA. TRAT.|AMBIENTAL|AMBIENTAL|false|true| |REACT ?
583|CP207|TANQUE ESPESADOR|AMBIENTAL|AMBIENTAL|false|false|NULL|NULL
584|CP208|EFLUENTE PTA. TRAT.|AMBIENTAL|AMBIENTAL|false|false|NULL|NULL
585|CP209|HOMOGENEIZADOR|AMBIENTAL|AMBIENTAL|false|false|NULL|NULL
587|CP210|AGUA CTE.PROC.(pH)|PROCESO|PROD. EN PROCESO|false|false| | 
594|CP211|POSTFRACCIONADORA|PROCESO|PROD. EN PROCESO|false|false| | 
596|CP213|H.O.P.O.|M.PRIM|MATERIA PRIMA|false|false| | 
597|H0119|NO USAR- SOLVENTE PARAFINICO HIDROGENADO|P.TERM|PROD. TERMINADO|true|true|####|TK###
598|CP212|AGUA P/ANALIZAR|AMBIENTAL|AMBIENTAL|false|true|NULL|NULL
602|CP215|CARGA REACTOR STY|PROCESO|PROD. EN PROCESO|false|false| | 
603|CP216|SDA. PRIMARIO STY|PROCESO|PROD. EN PROCESO|false|false|NULL|NULL
604|CP217|SDA. SECUNDARIO STY|PROCESO|PROD. EN PROCESO|false|false|NULL|NULL
605|CP218|SEPARADOR STY|PROCESO|PROD. EN PROCESO|false|false|NULL|NULL
606|CP219|GAS DE REACCION STY|PROCESO|PROD. EN PROCESO|false|false|NULL|NULL
607|CP220|CARGA REFORMA|PROCESO|PROD. EN PROCESO|false|false|NULL|NULL
608|CP221|FDO ESTABILIZANTE A100|PROCESO|PROD. EN PROCESO|false|false|NULL|NULL
609|CP222|GAS DE RECICLO REF|PROCESO|PROD. EN PROCESO|false|false|NULL|NULL
610|CP223|CIMA ESTABILIZADORA LIQ. REF|PROCESO|PROD. EN PROCESO|false|false|NULL|NULL
611|CP224|CIMA ESTABILIZADORA GAS. REF|PROCESO|PROD. EN PROCESO|false|false|NULL|NULL
616|CP225|SOLUCION DE POTASA|PROCESO|PROD. EN PROCESO|false|false|NULL|NULL
617|H0265|NAFTA PARAFINICA MEZCLA|P.TERM|PROD. TERMINADO|false|false| | 
618|CP227|HIDROCARBURO P/ANALIZAR|AMBIENTAL|AMBIENTAL|false|false|NULL|NULL
620|236-24-92-00026|QU-1630 SOLUCION ALCALINIZADA|IQ|INSUMO QUIMICO|false|true| |???###
621|EN-075/1|EN-075 TAPA P/CAJA DE CARTON|EMBALAJE|EMBALAJE|false|false|NULL|NULL
622|EN-072/1|EN-072 FONDOS P/CAJA DE CARTON|EMBALAJE|EMBALAJE|false|false|NULL|NULL
-1|NOCATA|NO CATALOGADO|N/A|NO CATALOGADO|false|false| | 
159|CP033|TK LATEX ARPOL 1510|PROCESO|PROD. EN PROCESO|false|true| |TK###
124|H0103|SOLVENTE INDUSTRIAL/PARAFINICO|P.TERM|PROD. TERMINADO|true|true|####|TK###
134|CP008|Rx.Final Cont.EPA112-1510 LM|PROCESO|PROD. EN PROCESO|true|true|####|R###
143|CP017|Rx.Final Batch EPA921-CLT|PROCESO|PROD. EN PROCESO|true|true|####|R###
155|CP029|Desp. Batch. EPA920-CJLT|PROCESO|PROD. EN PROCESO|true|true|###|T###
175|CP049|Rec.0920: Shrtop DEHA|PROCESO|PROD. EN PROCESO|true|true|###|TK###
289|CP152|LAVADOR CAUSTICO|PROCESO|PROD. EN PROCESO|false|true| |D###
70|236-40-08-00051|QU-1724 CLORURO DE SODIO|IQ|INSUMO QUIMICO|false|false| | 
49|236-40-08-00025|TRAMPA DE CL2 PARA UHR|OI|OTROS INSUMOS|false|false|NULL|NULL
163|CP037|TK LATEX ARNIPOL BJLT|PROCESO|PROD. EN PROCESO|false|true| |TK###
623|SEGHO|Seghobioclean|AMBIENTAL|AMBIENTAL|false|false| | 
625|CP231|TIERRA CONT. CON HC|AMBIENTAL|AMBIENTAL|false|false|NULL|NULL
628|NALCO-1|AGUA CLARIF./FILTRADA/RED INCENDIO|PROCESO|PROD. EN PROCESO|false|false|NULL|NULL
629|AGUA|AGUA DE ENFRIAMIENTO|PROCESO|PROD. EN PROCESO|false|false| | 
630|AGUA DE CALDERA|AGUA DE CALDERA|PROCESO|PROD. EN PROCESO|false|false| | 
631|CONDENSADOS|CONDENSADOS|PROCESO|PROD. EN PROCESO|false|false| | 
632|VAPOR|VAPOR|PROCESO|PROD. EN PROCESO|false|false| | 
633|MAZ-1|AUDIT-MAZ-1|N/A|NO CATALOGADO|false|false|NULL|NULL
3|RM 1070|BUTADIENO|M.PRIM|MATERIA PRIMA|false|false| | 
634|CP228|CARGA T. HEXANO|PROCESO|PROD. EN PROCESO|false|false|NULL|NULL
635|CP229|SALIDA T.HEXANO|PROCESO|PROD. EN PROCESO|false|false|NULL|NULL
636|CP230|H2 CARGA BTD.|PROCESO|PROD. EN PROCESO|false|false|NULL|NULL
637|CP232|H2 SALIDA BTD.|PROCESO|PROD. EN PROCESO|false|false|NULL|NULL
638|CP233|REACTOR STY|PROCESO|PROD. EN PROCESO|false|false|NULL|NULL
640|CP235|FDO. ESTABILIZADOR|PROCESO|PROD. EN PROCESO|false|false| | 
641|CP236|CARGA DESULFUR.|PROCESO|PROD. EN PROCESO|false|false| | 
643|CP237|NAFTA PESADA|P.TERM|PROD. TERMINADO|false|true|NULL|TK###
644|CP238|MIGA ARPOL 1510LM|PROCESO|PROD. EN PROCESO|true|false|####|NULL
646|CP139|AGUA PILETA SUR|AMBIENTAL|AMBIENTAL|false|false| | 
657|H0105|MOTOGASOLINA NORMAL|P.TERM|PROD. TERMINADO|true|true|####|TK###
567|EN-051/1|EN-051 CLAVOS 4" PUNTA PARIS|EMBALAJE|EMBALAJE|false|false|NULL|NULL
5|236-40-08-00063|QU-1701 ACEITE EXTENDEDOR|IQ|INSUMO QUIMICO|false|false|NULL|NULL
67|236-40-08-00049|QU-1722 CARBONATO DE SODIO|IQ|INSUMO QUIMICO|false|false|NULL|NULL
78|236-20-20-00004|QU-1556 KEROSENE|IQ|INSUMO QUIMICO|false|false|NULL|NULL
81|236-24-92-00024|QU-1571 MONOETANOLAMINA|IQ|INSUMO QUIMICO|false|false|NULL|NULL
23|236-24-92-00052|QU-1646 TBC.SOLUCION METANOL|IQ|INSUMO QUIMICO|false|false|NULL|NULL
659|EN-473/1|EN-473 CINTA IDENT.ARPOL 1712 L|EMBALAJE|EMBALAJE|false|false|NULL|NULL
660|CP239|MIGA ARNIPOL BJLT-SE|PROCESO|PROD. EN PROCESO|true|false|####|NULL
666|H0104|DILUYENTE PASA 75|P.TERM|PROD. TERMINADO|true|false|####|NULL
56|236-40-08-00037|QU-1402 AC. SULFURICO|IQ|INSUMO QUIMICO|false|true|NULL|???###
674|EN-485/1|EN-485 CINTA IDENT. ARNIPOL BJLT SE|EMBALAJE|EMBALAJE|false|false|NULL|NULL
679|FONDO RERUN|FONDO RERUN|PROCESO|PROD. EN PROCESO|false|false| | 
680|NAFTASUP|NAFTA SUPER (OI)|OI|OTROS INSUMOS|false|false| | 
681|GAS-OIL|GAS-OIL|OI|OTROS INSUMOS|false|false|NULL|NULL
683|CP300|TK LATEX ARNIPOL BJLT S.E.|PROCESO|PROD. EN PROCESO|false|true| |TK###
685|CP302|Desp. Batch. EPA930-BJLT SE|PROCESO|PROD. EN PROCESO|true|true|###|T###
686|CP304|Rec.0915: Activ NBRcont.|PROCESO|PROD. EN PROCESO|true|true|###|TK###
688|CP306|Rec.0901: Jab½n Mezcla NBR cont.|PROCESO|PROD. EN PROCESO|true|true|###|TK###
690|CP308|Rec.5000: Shtop DEHA|PROCESO|PROD. EN PROCESO|true|true|###|TK###
691|CP309|Rec.6002: Antiox p/NBR SE|PROCESO|PROD. EN PROCESO|true|true|###|TK###
692|CP310|Rec.0960: Antiesp. para coagulaci½n NBR-SE|PROCESO|PROD. EN PROCESO|true|true|###|TK###
693|CP311|Rec.0950: Sulfato de Aluminio|PROCESO|PROD. EN PROCESO|true|true|###|TK###
695|CP314|TK LATEX ARNIPOL BJJLT CONT|PROCESO|PROD. EN PROCESO|false|false|NULL|NULL
696|CP315|Col. Desp. Cont. EPA222-BJJLT|PROCESO|PROD. EN PROCESO|true|true|###|T###
697|CP316|Rx.Final Batch EPA930-BJLT SE|PROCESO|PROD. EN PROCESO|true|true|####|R###
698|CP317|Rx.Final Cont.EPA153-BJJLT|PROCESO|PROD. EN PROCESO|true|true|####|R###
700|MIGA BJJLT|MIGA ARNIPOL BJJLT|PROCESO|PROD. EN PROCESO|true|false|####|NULL
701|CP330|Rx.Final Cont.EPA150-BJLT|PROCESO|PROD. EN PROCESO|true|true|####|R###
702|CP331|Col. Desp. Cont. EPA222-BJLT|PROCESO|PROD. EN PROCESO|true|true|###|T###
703|CP332|Col. Desp. Cont. EPA222-BLT|PROCESO|PROD. EN PROCESO|true|true|###|T###
704|CP333|Rx.Final Cont.EPA154-BLT|PROCESO|PROD. EN PROCESO|true|true|####|R###
712|DOSIMETRIA|DOSIMETRIA|AMBIENTAL|AMBIENTAL|false|false||
713|AGUA POTABLE|AGUA POTABLE|AMBIENTAL|AMBIENTAL|false|false||
715|GAS SEC. DE ETILENO|GAS SEC. DE ETILENO|PROCESO|PROD. EN PROCESO|false|false|NULL|NULL
716|GAS SEC. UHA|GAS SEC. UHA|PROCESO|PROD. EN PROCESO|false|false|NULL|NULL
719|H2018|MOTOGASOLINA SUPER|P.TERM|PROD. TERMINADO|true|true|####|TK###
721|RM1112|NAFTA CATALITICA|M.PRIM|MATERIA PRIMA|true|true|####|TK###
723|CP700|AIRE. FREONES|AMBIENTAL|AMBIENTAL|false|false|NULL|NULL
724|CP701|AIRE. MATERIAL PARTICULADO|AMBIENTAL|AMBIENTAL|false|false|NULL|NULL
725|CP702|AIRE. LIMITE BAT. HIDROCARBUROS|AMBIENTAL|AMBIENTAL|false|false| | 
726|CP703|AIRE. CONT. PRIMARIOS Y OZONO(CAPC)|AMBIENTAL|AMBIENTAL|false|false| | 
727|CP704|AIRE. CONT. PRIMARIOS Y OZONO(CAPL)|AMBIENTAL|AMBIENTAL|false|false| | 
728|CP705|AIRE. MEDICIONES TWA-STEL|AMBIENTAL|AMBIENTAL|false|false||
148|CP022|Col. Desp. Cont. EPA221-R85 (Nro-1)|PROCESO|PROD. EN PROCESO|false|true| |T###
461|CP169|Col. Desp. Cont. EPA221-R85 (Nro-2)|PROCESO|PROD. EN PROCESO|false|true| |T###
458|CP166|Rx.Inter. Cont.EPA140-R 85|PROCESO|PROD. EN PROCESO|false|false| | 
502|CP187|Rec.6050: Aox Emulsi½n SBR|PROCESO|PROD. EN PROCESO|false|false|NULL|NULL
689|CP307|Rec.0905: Soluci½n Emulsificante p/NBR SE|PROCESO|PROD. EN PROCESO|true|true|###|TK###
173|CP047|Rec.2000: Jab½n dil. SBR|PROCESO|PROD. EN PROCESO|true|true|###|TK###
687|CP305|Rec.0925: Shrtstop DEHA/PDD p/NBR cont.|PROCESO|PROD. EN PROCESO|true|true|###|TK###
212|CP085|Rec.5100 Shrtstop DEHA/SDD|PROCESO|PROD. EN PROCESO|true|true|###|TK###
734|236-24-92-00020|AMINA NEUTRALIZANTE STYREX 40|IQ|INSUMO QUIMICO|false|false| | 
735|QP-1480|QP-1480 INHIBIDOR DE POLIMERIZACION  PETROFLO 20Y98|IQ|INSUMO QUIMICO|false|false| | 
736|QP-1490|QP-1490 INHIBIDOR DE POLIMERIZACION PETROFLO 20Y15|IQ|INSUMO QUIMICO|false|false| | 
741|CP1990|Rec.6052: Antiox. TNPP p/NBR|PROCESO|PROD. EN PROCESO|false|false|NULL|NULL
746|CP320|Rec.0921: Soluci½n interrup. DEHA p/NBR SE|PROCESO|PROD. EN PROCESO|true|true|###|TK###
747|CP321|Rec.0905: Soluci½n emulsificante p/ BJLT SE|PROCESO|PROD. EN PROCESO|true|true|###|TK###
748|CP369|LAVADORA CIMA DEOILER|PROCESO|PROD. EN PROCESO|false|false| | 
752|236-24-38-00008|QU-1750 EMULSIONANTE LAB|IQ|INSUMO QUIMICO|false|false| | 
753|236-24-92-00021|QP-1900 BHT|IQ|INSUMO QUIMICO|false|false| | 
135|CP009|Rx.Final Cont.EPA125-1712 NF|PROCESO|PROD. EN PROCESO|true|true|####|R###
756|CP312|Rec.5200: Shortstop IPHA|PROCESO|PROD. EN PROCESO|false|false| | 
758|E0077|ARNIPOL BJJLT SE|P.TERM|PROD. TERMINADO|true|true| | 
762|CP334|TERM. BJJLT SE DE LINEA|PROCESO|PROD. EN PROCESO|true|true| | 
763|CP1238|PROPELENTE|PROCESO|PROD. EN PROCESO|false|false|NULL|NULL
765|CP241|EFLUENTE PILETA N›5|AMBIENTAL|AMBIENTAL|false|false|NULL|NULL
767|CP250|Carga Splitter c/SBR|PROCESO|PROD. EN PROCESO|false|false| | 
768|CP251|Carga Splitter c/NBR|PROCESO|PROD. EN PROCESO|false|false| | 
769|CP252|Fdo Splitter c/SBR|PROCESO|PROD. EN PROCESO|false|false| | 
770|CP253|Fdo Splitter c/NBR|PROCESO|PROD. EN PROCESO|false|false| | 
771|CP254|Cima Splitter c/SBR|PROCESO|PROD. EN PROCESO|false|false| | 
772|CP255|Cima Splitter c/NBR|PROCESO|PROD. EN PROCESO|false|false| | 
773|CP256|Fdo Recib Btde c/SBR|PROCESO|PROD. EN PROCESO|false|false| | 
774|CP257|Fdo Recib Btde c/NBR|PROCESO|PROD. EN PROCESO|false|false| | 
775|CP258|Cima Recib Btde c/SBR|PROCESO|PROD. EN PROCESO|false|false| | 
776|CP259|Cima Recib Btde c/NBR|PROCESO|PROD. EN PROCESO|false|false| | 
777|CP260|Fdo BFD c/SBR|PROCESO|PROD. EN PROCESO|false|false| | 
778|CP261|Fdo BFD c/NBR|PROCESO|PROD. EN PROCESO|false|false| | 
779|CP262|Cima BFD c/SBR|PROCESO|PROD. EN PROCESO|false|false| | 
780|CP263|Cima BFD c/NBR|PROCESO|PROD. EN PROCESO|false|false| | 
781|CP264|KST Venteo c/SBR|PROCESO|PROD. EN PROCESO|false|false||
782|CP265|KST: Venteo c/NBR|PROCESO|PROD. EN PROCESO|false|false| | 
783|CP266|KST: Gases zona 1/2 c/SBR|PROCESO|PROD. EN PROCESO|false|false| | 
784|CP267|KST zona1/2 c/NBR|PROCESO|PROD. EN PROCESO|false|false| | 
785|H0155|ESTIRENO IMPURO|P.TERM|PROD. TERMINADO|true|false|####|NULL
788|H0000|BUTADIENO MONOMERO (a BASF)|P.TERM|PROD. TERMINADO|false|false| | 
789|236-32-28-00001|INHIBIDOR  POLIM. STYREX 310|IQ|INSUMO QUIMICO|false|false| | 
792|CP268|Rx.Final Cont.EPA123-1712 L|PROCESO|PROD. EN PROCESO|true|true|###|R###
793|QU-1820|QU-1820  I.P.H.A.|IQ|INSUMO QUIMICO|false|false| | 
794|PT001|MASTERBACH|P.TERM|PROD. TERMINADO|true|false| |NULL
795|CP271|Lote A SUPERFICIE|AMBIENTAL|AMBIENTAL|false|true|NULL|P##
797|CP272|Lote A Profundidad|AMBIENTAL|AMBIENTAL|false|false|NULL|NULL
799|CP273|LOTE B SUPERFICIE|AMBIENTAL|AMBIENTAL|false|true| |P##
800|CP274|LOTE C SUPERFICIE|AMBIENTAL|AMBIENTAL|false|true|NULL|P##
801|CP275|LOTE CH SUPERFICIE|AMBIENTAL|AMBIENTAL|false|true|NULL|P##
802|CP276|LOTE CV SUPERFICIE|AMBIENTAL|AMBIENTAL|false|true|NULL|P##
805|CP277|LOTE D SUPERFICIE|AMBIENTAL|AMBIENTAL|false|true|NULL|P##
806|CP278|LOTE DA SUPERFICIE|AMBIENTAL|AMBIENTAL|false|true|NULL|P##
807|CP279|LOTE F SUPERFICIE|AMBIENTAL|AMBIENTAL|false|true|NULL|P##
808|CP280|LOTE G SUPERFICIE|AMBIENTAL|AMBIENTAL|false|true|NULL|P##
809|CP281|LOTE H SUPERFICIE|AMBIENTAL|AMBIENTAL|false|true|NULL|P##
810|CP282|LOTE VL SUPERFICIE|AMBIENTAL|AMBIENTAL|false|true|NULL|P##
811|CP283|LOTE E SUPERFICIE SUR|AMBIENTAL|AMBIENTAL|false|true|NULL|P##
813|CP284|LOTE A PROFUNDIDAD|AMBIENTAL|AMBIENTAL|false|true|NULL|CPD LOTE
814|CP285|LOTE B PROFUNDIDAD|AMBIENTAL|AMBIENTAL|false|true|NULL|CPD LOTE
815|CP286|LOTE C PROFUNDIDAD|AMBIENTAL|AMBIENTAL|false|true|NULL|CPD LOTE
818|CP287|LOTE CH PROFUNDIDAD|AMBIENTAL|AMBIENTAL|false|true|NULL|CPD LOTE
819|CP288|LOTE CV PROFUNDIDAD|AMBIENTAL|AMBIENTAL|false|true|NULL|CPD LOTE
820|CP289|LOTE D PROFUNDIDAD|AMBIENTAL|AMBIENTAL|false|true|NULL|CPD LOTE
821|CP290|LOTE DA PROFUNDIDAD|AMBIENTAL|AMBIENTAL|false|true|NULL|CPD LOTE
822|CP291|LOTE E PROFUNDIDAD|AMBIENTAL|AMBIENTAL|false|true|NULL|CPD LOTE
823|CP292|LOTE F PROFUNDIDAD|AMBIENTAL|AMBIENTAL|false|true|NULL|CPD LOTE
824|CP293|LOTE G PROFUNDIDAD|AMBIENTAL|AMBIENTAL|false|true|NULL|CPD LOTE
825|CPS294|LOTE H PROFUNDIDAD|AMBIENTAL|AMBIENTAL|false|true|NULL|CPD LOTE
826|CP295|LOTE VL PROFUNDIDAD|AMBIENTAL|AMBIENTAL|false|true|NULL|CPD LOTE
827|AIRE INST|AIRE DE INSTRUMENTOS|PROCESO|PROD. EN PROCESO|false|false|NULL|NULL
829|EN-060|EN-060 CAJA CARTON C7 RECUBRIMIENTO SUPERF. P/36 FARDOS|EMBALAJE|EMBALAJE|false|false|NULL|NULL
830|EN-070|EN-070 FONDOS P/ CAJA CARTON C/ RECUBRIM. SUPERF. P/36 FARDOS|EMBALAJE|EMBALAJE|false|false|NULL|NULL
831|EN-080|EN-080 BOLSA POLIETILENO P/ TAPA CAJON DE ALUMINIO|EMBALAJE|EMBALAJE|false|false|NULL|NULL
832|EXT001|GAS NATURAL|SERV. A CO|SERV. A COMPANIA RELAC.|true|true| | 
836|EXT002|GAS LICUADO DE PETROLEO (Litoral Gas)|SERV. A CO|SERV. A COMPANIA RELAC.|true|true| | 
837|NAF.VIRG.|NAFTA VIRGEN|M.PRIM|MATERIA PRIMA|false|false| | 
839|EXT004|GAS LICUADO DE PETROLEO (YPF)|SERV. A CO|SERV. A COMPANIA RELAC.|true|false|####|NULL
840|CP294|LOTE E NORTE SUPERFICIE|AMBIENTAL|AMBIENTAL|false|true|NULL|P##
843|EXT005|GLP (Litoral Gas)|SERV. A CO|SERV. A COMPANIA RELAC.|false|false| | 
844|TANQUE 405|TANQUE 405|PROCESO|PROD. EN PROCESO|false|false|NULL|NULL
845|EXT006|BUTANO - NAFTA (Repsol - YPF)|SERV. A CO|SERV. A COMPANIA RELAC.|false|false|NULL|NULL
848|CP400|TORRE BENTOL|PROCESO|PROD. EN PROCESO|false|false| | 
849|CP401|TORRE ESTIRENO|PROCESO|PROD. EN PROCESO|false|false| | 
850|H2200|Mezcla Motogasolina Normal y Base Octÿnica|P.TERM|PROD. TERMINADO|false|false|NULL|NULL
851|EXT007|NAFTA NORMAL (Inspectorate)|SERV. A CO|SERV. A COMPANIA RELAC.|false|false|NULL|NULL
858|SL706|EFLUENTE SALIDA LAGUNADO|AMBIENTAL|AMBIENTAL|false|false| | 
859|EXT016|ESTIRENO MONOMERO (S.G.S.)|P.TERM|PROD. TERMINADO|false|false| | 
863|EXT008|ESTIRENO MONOMERO (EXTERNO)|SERV. A CO|SERV. A COMPANIA RELAC.|false|false|NULL|NULL
865|SL707|EFLUENTE PLANTA FLUVIAL|AMBIENTAL|AMBIENTAL|false|false| | 
868|EXT009|NAFTA|SERV. A CO|SERV. A COMPANIA RELAC.|false|false| | 
869|236-32-28-00002|INHIBIDOR POLIM.  PETROFLO 20Y98L|IQ|INSUMO QUIMICO|false|false| | 
870|EXT010|NAFTA VIRGEN (Inspectorate)|SERV. A CO|SERV. A COMPANIA RELAC.|false|false|NULL|NULL
871|CP335|LICOR LAVADO  LS|PROCESO|PROD. EN PROCESO|false|false| | 
872|CP336|LICOR LAVADO LN|PROCESO|PROD. EN PROCESO|false|false|NULL|NULL
873|CP337|SUERO COAGULACION LS|PROCESO|PROD. EN PROCESO|false|false|NULL|NULL
874|CP338|SUERO COAGULACION LN|PROCESO|PROD. EN PROCESO|false|false|NULL|NULL
875|E0002|ARPOL SBR 1502-1510 PLUS|P.TERM|PROD. TERMINADO|false|false| | 
876|E0006|ARPOL SBR 1712 PLUS|P.TERM|PROD. TERMINADO|true|true|######|C###
877|E0035|TIPO 1913 PLUS|P.TERM|PROD. TERMINADO|false|false|NULL|NULL
878|E0037|SCRAP B 1913|P.TERM|PROD. TERMINADO|false|false|NULL|NULL
879|E0039|SCRAP A 1913|P.TERM|PROD. TERMINADO|false|false|NULL|NULL
880|E0044|SCRAP B|P.TERM|PROD. TERMINADO|false|false| | 
881|E0046|SCRAP A NEGRO|P.TERM|PROD. TERMINADO|false|false|NULL|NULL
882|E0048|NBR SCRAP A|P.TERM|PROD. TERMINADO|true|true|######|C###
883|E0047|SCRAP A BLANCO|P.TERM|PROD. TERMINADO|true|true|######|C###
884|E0057|RESIDUO SECO DE ELASTOMERO|P.TERM|PROD. TERMINADO|false|false|NULL|NULL
885|E0071|NBR SCRAP B|P.TERM|PROD. TERMINADO|true|true|######|C###
886|E0072|NBR PLUS|P.TERM|PROD. TERMINADO|false|false|NULL|NULL
893|QP-1450|QP-1450 - AMINA NEUTRALIZANTE PROCHEM 4H3|IQ|INSUMO QUIMICO|false|false| | 
838|EXT003|GAS LICUADO DE PETROLEO (Totalgaz)|SERV. A CO|SERV. A COMPANIA RELAC.|true|false|####| 
898|236-32-28-00003|INHIBIDOR POLIM. PETROFLO 20Y15|IQ|INSUMO QUIMICO|false|false| | 
899|236-32-28-00009|INHIBIDOR POLIM. PETROFLO 20Y99L|IQ|INSUMO QUIMICO|false|false| | 
902|QU-1450|QU-1450 AMINA NEUTRALIZANTE|IQ|INSUMO QUIMICO|false|false| | 
903|CP506|INCORPORACIONES AL LANDFARMING|AMBIENTAL|AMBIENTAL|false|false| | 
905|SM001|ORINA|SM|SERVICIO MEDICO|false|false| | 
914|SL001|NAFTA VIRGEN TOPPING|PROCESO|PROD. EN PROCESO|false|false| | 
917|SL004|NAFTA DE CRACKING|PROCESO|PROD. EN PROCESO|false|false| | 
918|SL005|KEROSENE TOPPING|PROCESO|PROD. EN PROCESO|false|false| | 
924|SL011|DIESEL DE CRACKING|PROCESO|PROD. EN PROCESO|false|false| | 
925|SL012|GAS OIL LIVIANO|PROCESO|PROD. EN PROCESO|false|false| | 
927|SL014|GAS OIL PESADO|PROCESO|PROD. EN PROCESO|false|false| | 
929|SL016|HORNO GOP|PROCESO|PROD. EN PROCESO|false|false| | 
931|SL018|FONDO GOP|PROCESO|PROD. EN PROCESO|false|false| | 
932|SL019|GAS OIL TOPPING|PROCESO|PROD. EN PROCESO|false|false| | 
937|SL024|NAFTA DE REFLUJO TOPPING 1|PROCESO|PROD. EN PROCESO|false|false| | 
938|SL025|NAFTA CONDENSADA TT-1001|PROCESO|PROD. EN PROCESO|false|false| | 
945|SL026|ASFALTO ENTRADA A TK|PROCESO|PROD. EN PROCESO|false|false| | 
946|SL027|FONDO TOPPING|PROCESO|PROD. EN PROCESO|false|false| | 
949|SL028|GAS OIL CONDENSADO|PROCESO|PROD. EN PROCESO|false|false| | 
951|SL029|SLOP WAX|PROCESO|PROD. EN PROCESO|false|false| | 
953|SL030|FONDO VACIO|PROCESO|PROD. EN PROCESO|false|false| | 
955|SL031|CRUDO REDUCIDO CARGA VACIO 2|PROCESO|PROD. EN PROCESO|false|false| | 
956|SL032|FOB PULMON GOP|PROCESO|PROD. EN PROCESO|false|false| | 
957|SL033|FUEL GAS TOPPING|PROCESO|PROD. EN PROCESO|false|false| | 
960|SL034|FUEL GAS GOP|PROCESO|PROD. EN PROCESO|false|false| | 
961|SL035|FUEL GAS|PROCESO|PROD. EN PROCESO|false|false| | 
962|SLA001|SL EMULSION RAPIDA 1|NO_CATA|No Catalogado|false|false| | 
963|SLA002|SL EMULSION RAPIDA 2|NO_CATA|No Catalogado|false|false| | 
964|SLA003|SL EMULSION MEDIA 1|NO_CATA|No Catalogado|false|false| | 
965|SLA004|SL EMULSION LENTA|NO_CATA|No Catalogado|false|false| | 
966|SLA005|SL EMULSION SUPERESTABLE|NO_CATA|No Catalogado|false|false| | 
967|SLA006|SL EMULSION RAPIDA 1P|NO_CATA|No Catalogado|false|false| | 
968|SLA007|SL EMULSION RAPIDA 2P|NO_CATA|No Catalogado|false|false| | 
969|SLA008|SL EMULSION SELLADO P|NO_CATA|No Catalogado|false|false| | 
970|SLA009|SL EMULSION IMPRIMACION|NO_CATA|No Catalogado|false|false| | 
971|SLA010|SL EMULSION LENTA M|NO_CATA|No Catalogado|false|false| | 
972|SLA011|SL EMULSION RECICLADO|NO_CATA|No Catalogado|false|false| | 
973|SLA012|SL EMULSION ROTURA CONTROLADA|NO_CATA|No Catalogado|false|false| | 
974|SLA013|SL EMULSION ROTURA CONTROLADA P|NO_CATA|No Catalogado|false|false| | 
975|SLA018|DILUIDO MEDIO - 1|NO_CATA|No Catalogado|false|false| | 
976|SLH002|GAS OIL MARINO|NO_CATA|No Catalogado|false|false|##/##/##-TK###|TK###
977|SLA014|ASFALTO 70/100|NO_CATA|No Catalogado|false|false| | 
979|SLA015|ASFALTO 60/70|NO_CATA|No Catalogado|false|false| | 
980|SLA016|ASFALTO 50/60|NO_CATA|No Catalogado|false|false| | 
981|SLA017|ASFALTO 85/100|NO_CATA|No Catalogado|false|false| | 
984|SLH004|NAFTA SUPER|NO_CATA|No Catalogado|false|false|##/##/##-TK###|TK###
985|SLH005|NAFTA SL 97 MAGNUM|NO_CATA|No Catalogado|false|false| | 
986|SL038|SOLVENTE DR|PROCESO|PROD. EN PROCESO|false|false| | 
987|SL039|SOLVENTE DM|PROCESO|PROD. EN PROCESO|false|false| | 
988|SLH008|AGUARRAS|NO_CATA|No Catalogado|false|false|##/##/##-TK###|TK###
990|SLH010|IFO 30|NO_CATA|No Catalogado|false|false| | 
991|SLH011|IFO 60|NO_CATA|No Catalogado|false|false| | 
992|SLH012|IFO 120|NO_CATA|No Catalogado|false|false| | 
993|SLH013|IFO 180|NO_CATA|No Catalogado|false|false| | 
994|SLH014|IFO 380|NO_CATA|No Catalogado|false|false| | 
995|SLH015|NAFTA VIRGEN SL|NO_CATA|No Catalogado|false|false|##/##/##-TK###|TK###
996|SLH016|DESTILADO BASE|NO_CATA|No Catalogado|false|false|##/##/##-TK###|TK##
998|SLH018|FUEL OIL|P.TERM|PROD. TERMINADO|false|false|##/##/##-TK###|TK###
999|SLH019|KEROSENE|NO_CATA|No Catalogado|false|false|##/##/##-TK###|TK###
1000|SLH020|GAS OIL|P.TERM|PROD. TERMINADO|false|false|##/##/##-TK###|TK###
1001|SLH021|DIESEL PLUS|NO_CATA|No Catalogado|false|false|##/##/##-TK###|TK###
1002|SLH022|SL DRYING OIL|NO_CATA|No Catalogado|false|false| | 
1003|SLH023|SL DRILLING OIL|NO_CATA|No Catalogado|false|false| | 
1005|SLM001|CRUDO|M.PRIM|MATERIA PRIMA|false|false| | 
1006|SLM003|DILUYENTE|M.PRIM|MATERIA PRIMA|false|false| | 
1007|SL006|CRUDO TOPPING|PROCESO|PROD. EN PROCESO|false|false| | 
405|P005|CROMATO DE POTASIO|REACTIVO|REACTIVOS|false|false|NULL|NULL
406|P006|HIDROXIDO DE  POTASIO|REACTIVO|REACTIVOS|false|false|NULL|NULL
407|P009|SET DE BUFFERS|REACTIVO|REACTIVOS|false|false| | 
408|P011|BALA CAUCHO SBR 1502/006|REACTIVO|REACTIVOS|false|false|NULL|NULL
409|P012|BALA CAUCHO NBR BJLT/002|REACTIVO|REACTIVOS|false|false| | 
410|P013|BALA CAUCHO BUTILO|REACTIVO|REACTIVOS|false|false|NULL|NULL
411|P014|BALA CAUCHO SBR 1502/002|REACTIVO|REACTIVOS|false|false|NULL|NULL
412|P015|DIETILBENCENO|REACTIVO|REACTIVOS|false|false|NULL|NULL
413|P016|N-HEPTANO|REACTIVO|REACTIVOS|false|false|NULL|NULL
414|P017|PROPANO - PROPILENO (REACTIVO)|REACTIVO|REACTIVOS|false|false|NULL|NULL
415|P018|RESINA SBR 1913|REACTIVO|REACTIVOS|false|false|NULL|NULL
416|P019|AGUA DESTILADA ASTM TIPO III|REACTIVO|REACTIVOS|false|false|NULL|NULL
418|P022|P-XILENO|REACTIVO|REACTIVOS|false|false|NULL|NULL
420|P024|N-BUTIL BENCENO|REACTIVO|REACTIVOS|false|false|NULL|NULL
421|P027|CLOROFORMO|REACTIVO|REACTIVOS|false|false|NULL|NULL
423|P029|STDR PRIMARIO N-C5 Y I-C5|REACTIVO|REACTIVOS|false|false|NULL|NULL
424|P030|1-DODECANOTIOL|REACTIVO|REACTIVOS|false|false|NULL|NULL
425|P031|ETILBENCENO (REACTIVO)|REACTIVO|REACTIVOS|false|false|NULL|NULL
426|P032|MESITILENO|REACTIVO|REACTIVOS|false|false|NULL|NULL
427|P033|CICLOHEXANO|REACTIVO|REACTIVOS|false|false|NULL|NULL
428|P034|MATRIZ OLOR EN PROPELENTE|REACTIVO|REACTIVOS|false|false|NULL|NULL
429|P035|AGUA ULTRAPURA DENSIDAD|REACTIVO|REACTIVOS|false|false|NULL|NULL
430|P036|BENCENO (REACTIVO)|REACTIVO|REACTIVOS|false|false|NULL|NULL
431|P037|HEXANO (REACTIVO)|REACTIVO|REACTIVOS|false|false|NULL|NULL
433|P039|STDR. ACETILENOS|REACTIVO|REACTIVOS|false|false|NULL|NULL
435|P041|STDR. ACETILENOS|REACTIVO|REACTIVOS|false|false|NULL|NULL
436|P043|CUMENO|PATRON|PATRONES|false|false| | 
437|P044|MONOXIDO DE CARBONO|REACTIVO|REACTIVOS|false|false|NULL|NULL
438|P045|STDR. METANO|REACTIVO|REACTIVOS|false|false|NULL|NULL
440|P047|O-XILENO|REACTIVO|REACTIVOS|false|false|NULL|NULL
441|P048|STDR. MONOXIDO DE CARBONO|REACTIVO|REACTIVOS|false|false|NULL|NULL
442|P049|ACRILONITRILO (REACTIVO)|REACTIVO|REACTIVOS|false|false|NULL|NULL
443|P050|M-XILENO|REACTIVO|REACTIVOS|false|false|NULL|NULL
444|P051|BUTADIENO (REACTIVO)|REACTIVO|REACTIVOS|false|false|NULL|NULL
445|P052|ESTIRENO|REACTIVO|REACTIVOS|false|false|NULL|NULL
446|P053|CLORURO DE POTASIO|REACTIVO|REACTIVOS|false|false|NULL|NULL
447|P054|PATRON SEC.DE CONDUCTIVIDAD|REACTIVO|REACTIVOS|false|false|NULL|NULL
432|P038|1-BUTANOL.|REACTIVO|REACTIVOS|false|false|NULL|NULL
419|P023|TOLUENO|REACTIVO|REACTIVOS|false|false|NULL|NULL
422|P028|2,2,4 TRIMETIL PENTANO|REACTIVO|REACTIVOS|false|false|NULL|NULL
439|P046|STDR. BENCENO|REACTIVO|REACTIVOS|false|false|NULL|NULL
909|P055|KIT P/CREATININA|REACTIVO|REACTIVOS|false|false| | 
911|P056|TIPS DE MICROPIPETA|REACTIVO|REACTIVOS|false|false| | 
912|P057|NITRATO MERCURICO|REACTIVO|REACTIVOS|false|false| | 
400|P1|SET DE PESAS DOLTZ DE 200G A 500G      NÝ DE SERIE: M1 240|PATRON|PATRONES|false|false|NULL|NULL
401|P2|SET DE PESAS TROEMNER DE 0,100G A 200G   NÝ DE SERIE: 46509|PATRON|PATRONES|false|false|NULL|NULL
402|P3|FILTRO OXIDO DE HOLMIO|PATRON|PATRONES|false|false|NULL|NULL
403|P4|SET FILTROS DE VIDRIO NBS 1-2-3/834   SRM 930 D|PATRON|PATRONES|false|false|NULL|NULL
404|P8|CRISTAL STDR. I. REFRACCION|PATRON|PATRONES|false|false|NULL|NULL
417|P21/A Y 21|FILMS DE POLIESTIRENO|PATRON|PATRONES|false|false|NULL|NULL
434|P40/1 Y 40|STDR. DE CORROSION AL COBRE|PATRON|PATRONES|false|false|NULL|NULL
1010|CP303|CIMA DESPOJADORA DE HEXANO|PROCESO|PROD. EN PROCESO|false|false| | 
1011|CP507|FDO. TORRE DESPROPA|PROCESO|PROD. EN PROCESO|false|false| | 
1012|H2081|ETILBENCENO EXPORTACION|P.TERM|PROD. TERMINADO|false|false| | 
1013|H2081.|ETILBENCENO PARA BASF|P.TERM|PROD. TERMINADO|false|false| | 
1014|MEZCLA REF.|MEZCLA REFINADO/NAFTA LIV.|PROCESO|PROD. EN PROCESO|false|false| | 
1016|CP339|CIMA PYGAS|PROCESO|PROD. EN PROCESO|false|false| | 
1017|CP340|FONDO PYGAS|PROCESO|PROD. EN PROCESO|false|false| | 
1019|CORLAT|Corriente Lateral Shell|M.PRIM|MATERIA PRIMA|false|false| | 
16|236-32-28-00004|INHIBIDOR DE POLIMERIZACION I 77|IQ|INSUMO QUIMICO|true|false|####| 
18|236-24-92-00033|QU-1831 PMHP ( HIDROP.DE PARAM)|IQ|INSUMO QUIMICO|false|false|NULL|NULL
15|236-24-92-00040|QU-1876 DIMET.DITIOC.POT. ( PDD )|IQ|INSUMO QUIMICO|false|false|NULL|NULL
41|236-40-08-00023|MOLECULAR SIEVES.  3A  1/16 "|OI|OTROS INSUMOS|false|false|NULL|NULL
522|236-40-08-00029|GRANZA NUEVA|OI|OTROS INSUMOS|false|false|NULL|NULL
1023|CP341|CIMA RERUN|PROCESO|PROD. EN PROCESO|false|false| | 
1024|CP508|BASE NAFTA COMUN|PROCESO|PROD. EN PROCESO|true|true|####|TK###
1025|CP342|HOPO (f)|M.PRIM|MATERIA PRIMA|false|false| | 
1026|CP343|HOPO ESTABILIZADO|M.PRIM|MATERIA PRIMA|false|false| | 
1027|CP344|HOPO PESADO|M.PRIM|MATERIA PRIMA|false|false| | 
91|E0005|ARPOL 1502|P.TERM|PROD. TERMINADO|true|true|######|C###
92|E0007|ARPOL 1510|P.TERM|PROD. TERMINADO|true|true|######|C###
93|E0058|ARPOL 1510 LM|P.TERM|PROD. TERMINADO|true|true|######|C###
99|E0016|ARPOL 1721|P.TERM|PROD. TERMINADO|true|true|######|C###
100|E0043|ARPOL 1913|P.TERM|PROD. TERMINADO|true|true|######|C###
104|E0076|ARNIPOL BJJLT|P.TERM|PROD. TERMINADO|true|true|######|C###
105|E0081|ARNIPOL BLT|P.TERM|PROD. TERMINADO|true|true|######|C###
106|E0073|ARNIPOL CJLT|P.TERM|PROD. TERMINADO|true|true|######|C###
107|E0083|ARNIPOL CLT|P.TERM|PROD. TERMINADO|true|true|######|C###
482|E0030|EMPASTE 1606|P.TERM|PROD. TERMINADO|true|true|######|C###
483|E0031|EMPASTE 1620|P.TERM|PROD. TERMINADO|true|true|######|C###
484|E0033|EMPASTE 1808|P.TERM|PROD. TERMINADO|true|true|######|C###
101|E0082|ARNIPOL BJLT|P.TERM|PROD. TERMINADO|true|true|######|C###
463|E0015|ARPOL 1712|P.TERM|PROD. TERMINADO|true|true|######|C###
665|E0054|ARNIPOL BJLT SE|P.TERM|PROD. TERMINADO|true|true|######|C###
178|CP052|TERM. 1712 A DE LINEA|PROCESO|PROD. EN PROCESO|true|true|######|C###
179|CP053|TERM. 1712 B DE LINEA|PROCESO|PROD. EN PROCESO|true|true|######|C###
180|CP054|TERM. 1712 C DE LINEA|PROCESO|PROD. EN PROCESO|true|true|######|C###
181|CP055|TERM. 1712 L DE LINEA|PROCESO|PROD. EN PROCESO|true|true|######|C###
182|CP056|TERM. 1712 M DE LINEA|PROCESO|PROD. EN PROCESO|true|true|######|C###
183|CP057|TERM. 1721 DE LINEA|PROCESO|PROD. EN PROCESO|true|true|######|C###
184|CP058|TERM. 1502 DE LINEA|PROCESO|PROD. EN PROCESO|true|true|######|C###
186|CP060|TERM. 1510 LM DE LINEA|PROCESO|PROD. EN PROCESO|true|true|######|C###
187|CP061|TERM. 1913 DE LINEA|PROCESO|PROD. EN PROCESO|true|true|######|C###
188|CP062|TERM. BJLT DE LINEA|PROCESO|PROD. EN PROCESO|true|true|######|C###
189|CP063|TERM. BJLT M40 DE LINEA|PROCESO|PROD. EN PROCESO|true|true|######|C###
191|CP065|TERM. BJJLT DE LINEA|PROCESO|PROD. EN PROCESO|true|true|######|C###
192|CP066|TERM. BLT DE LINEA|PROCESO|PROD. EN PROCESO|true|true|######|C###
193|CP067|TERM. CJLT DE LINEA|PROCESO|PROD. EN PROCESO|true|true|######|C###
194|CP068|TERM. CLT DE LINEA|PROCESO|PROD. EN PROCESO|true|true|######|C###
185|CP059|TERM. 1510 DE LINEA|PROCESO|PROD. EN PROCESO|true|true|######|C###
190|CP064|TERM. BJLT M50 DE LINEA|PROCESO|PROD. EN PROCESO|true|true|######|C###
663|CP240|TERM. 1712 NF DE LINEA|PROCESO|PROD. EN PROCESO|true|true|######|C###
684|CP301|TERM. BJLT SE DE LINEA|PROCESO|PROD. EN PROCESO|true|true|######|C###
890|CP505|BASE NAFTA SUPER|PROCESO|PROD. EN PROCESO|true|true|####|TK###
1030|CP600|Latex batch Resina 85|PROCESO|PROD. EN PROCESO|false|false| | 
1044|nnnnn|Torre nn|PROCESO|PROD. EN PROCESO|true|true|####|$$$###
1048|MIGA1913|MIGA 1913 ENTRADA SECADERO|PROCESO|PROD. EN PROCESO|false|false| | 
1051|CP706|AGUA CLARIFICADA A PGSM|PROCESO|PROD. EN PROCESO|false|false| | 
1055|CP707|OFF-GAS GENERAL -USINA|PROCESO|PROD. EN PROCESO|false|false| | 
1056|CP345|ENTRADA RX PILOTO|AMBIENTAL|AMBIENTAL|false|false| | 
1057|CP346|SALIDA RX PILOTO|AMBIENTAL|AMBIENTAL|false|false| | 
1058|CP347|RX PILOTO|AMBIENTAL|AMBIENTAL|false|false| | 
36|236-40-08-04016|CATALIZADOR TRAMPA DE S2 ( UHA )|OI|OTROS INSUMOS|false|false| | 
1060|EXT011|AIRE ORDENANZA (MCR) 5820/94|AMBIENTAL|AMBIENTAL|false|false| | 
1063|EXT012|AGUA DE CONSUMO|SERV. A CO|SERV. A COMPANIA RELAC.|false|false| | 
1064|EXT013|INTERFASE YPF-REPSOL A ICI|SERV. A CO|SERV. A COMPANIA RELAC.|true|false| | 
1069|H2142|CORTE AROMATICO PESADO|P.TERM|PROD. TERMINADO|true|true|####|TK###
1074|SLH024|FUEL OIL DE TOPPING|PROCESO|PROD. EN PROCESO|false|false|##/##/##-TK###|TK###
1075|SLA019|ASFALTO 120/150|NO_CATA|No Catalogado|false|false| | 
1077|SLA020|ASFALTO 150/200|NO_CATA|No Catalogado|false|false| | 
1078|SLA021|ASFALTO CA-10|NO_CATA|No Catalogado|false|false| | 
1079|SLA022|ASFALTO CA-20|NO_CATA|No Catalogado|false|false| | 
1080|SLA023|ASFALTO CA-30|NO_CATA|No Catalogado|false|false| | 
1081|SLA024|ASFALTO MODIF. C/POLIMEROS AM1|NO_CATA|No Catalogado|false|false| | 
1082|SLA025|ASFALTO MODIF. C/POLIMEROS AM2|NO_CATA|No Catalogado|false|false| | 
1083|SLA026|ASFALTO MODIF. C/POLIMEROS AM3|NO_CATA|No Catalogado|false|false| | 
1084|SLA027|ASFALTO MODIF. C/POLIMEROS AM4|NO_CATA|No Catalogado|false|false| | 
1085|SLH025|AGUARRAS PESADO|NO_CATA|No Catalogado|false|false|##/##/##-TK###|TK###
1088|SL708|EFLUENTE PILETA API|AMBIENTAL|AMBIENTAL|false|false| | 
1092|SLM002|NAFTA CATALITICA (SL)|M.PRIM|MATERIA PRIMA|false|false| | 
1093|SLM004|ISOMERADO|M.PRIM|MATERIA PRIMA|false|false| | 
1094|SLM005|MTBE|M.PRIM|MATERIA PRIMA|false|false| | 
1095|SL036|LASTRE|PROCESO|PROD. EN PROCESO|false|false| | 
982|SLH003|NAFTA NORMAL|NO_CATA|No Catalogado|false|false|##/##/##-TK###|TK###
997|SLH017|JP-1|NO_CATA|No Catalogado|false|false|##/##/##-TK###|TK###
1096|SL002|AGUA DESALADOR|PROCESO|PROD. EN PROCESO|false|false| | 
1370|CP760|JABON ACIDO GRASO CONC|PROCESO|PROD. EN PROCESO|false|false||
1098|PYGAS|GASOLINA DE PIROLISIS|M.PRIM|MATERIA PRIMA|false|false| | 
1102|CP601|REFRIGERANTE ARPOL/ARNIPOL|PROCESO|PROD. EN PROCESO|false|false||
1103|SLH001|CARGA CRACKING CATALITICO|NO_CATA|No Catalogado|false|false| | 
1105|SL600|EFLUENTE EESS (C)|AMBIENTAL|AMBIENTAL|false|false| | 
1106|SL601|EFLUENTE EESS (R)|AMBIENTAL|AMBIENTAL|false|false| | 
1107|SL602|SUELO EESS|AMBIENTAL|AMBIENTAL|false|false| | 
1108|SL037|HOT OIL|PROCESO|PROD. EN PROCESO|false|false| | 
1110|CP708|ACEITE|AMBIENTAL|AMBIENTAL|false|false||
1111|SL040|KEROSENE P/ AGUARRAS|PROCESO|PROD. EN PROCESO|false|false| | 
1112|SL041|KEROSENE P/ JP-1|PROCESO|PROD. EN PROCESO|false|false| | 
1114|SL042|AGUA UNIDAD COMBINADA|PROCESO|PROD. EN PROCESO|false|false| | 
1116|MP1114|BUTANO|P.TERM|PROD. TERMINADO|false|false| | 
1118|CP402|BUTADIENO SALIDA FLASH|PROCESO|PROD. EN PROCESO|false|false| | 
1119|SLA100|SL EMULSION RAPIDA 0P|NO_CATA|No Catalogado|false|false| | 
1120|SLA101|SL EMULSION BACHEO DRENANTE|NO_CATA|No Catalogado|false|false| | 
1121|SLA102|SL EMULSION RAPIDA 0|NO_CATA|No Catalogado|false|false| | 
1127|CP370|Rec.922:Shrtop IPHA|PROCESO|PROD. EN PROCESO|false|false|###|TK###
1129|SLA028|SL DILUIDO RAPIDO 1|NO_CATA|No Catalogado|false|false| | 
1130|SLA029|SL DILUIDO RAPIDO 2|NO_CATA|No Catalogado|false|false| | 
1131|SLA030|SL DILUIDO RAPIDO 3|NO_CATA|No Catalogado|false|false| | 
1132|SLA031|SL DILUIDO MEDIO 1|NO_CATA|No Catalogado|false|false| | 
1133|SLA032|SL DILUIDO MEDIO 2|NO_CATA|No Catalogado|false|false| | 
1134|SLA033|SL DILUIDO MEDIO 3|NO_CATA|No Catalogado|false|false| | 
1135|SL043|AGUA DE PLANTA|PROCESO|PROD. EN PROCESO|false|false| | 
1137|SL044|KEROSENE P/ EMULSION|PROCESO|PROD. EN PROCESO|false|false| | 
1140|AMB001|PASIVOS AMBIENTALES|AMBIENTAL|AMBIENTAL|false|false| | 
1144|276-72-44-04008|FILM POLIET. "UV" BAJA TEMP. INCORPORACION|EMBALAJE|EMBALAJE|false|false| | 
1146|AIRE|AIRE|AMBIENTAL|AMBIENTAL|false|false| | 
1149|AMB002|EFLUENTE FINAL CAMPANA|AMBIENTAL|AMBIENTAL|false|false| | 
1152|AMB003|EFLUENTE FINAL ZARATE|AMBIENTAL|AMBIENTAL|false|false| | 
1154|236-32-28-04004|INHIBIDOR CORROSION PHILMPLUS 5K7B|IQ|INSUMO QUIMICO|false|false| | 
1155|236-32-28-04003|INHIBIDOR CORROSION PETROFLO 21Y3600|IQ|INSUMO QUIMICO|false|false| | 
1165|BTD|BTD / LAVADO|PROCESO|PROD. EN PROCESO|false|false| | 
1166|SOLUCION DE SILICONA|SOLUCION DE SILICONA|PROCESO|PROD. EN PROCESO|true|true|####|#
1167|R302|Rec.3002- Aceite extendedor|PROCESO|PROD. EN PROCESO|false|false| | 
1168|ESTUDIOS|ESTUDIOS ESPECIALES|N/A|NO CATALOGADO|false|false| | 
1173|EXT015|INTERFASE REFINOR A ICI|SERV. A CO|SERV. A COMPANIA RELAC.|false|false| | 
1174|P058|DICLOROMETANO|REACTIVO|REACTIVOS|false|false| | 
1175|SL603|SLOP BARCO|M.PRIM|MATERIA PRIMA|false|false| | 
1180|CP602|RECIDUO DE CAUCHO|PROCESO|PROD. EN PROCESO|false|false| | 
1181|CP322|Rec.6055: Antioxidante R85|PROCESO|PROD. EN PROCESO|false|false| | 
1182|E0042|HSR-EL|P.TERM|PROD. TERMINADO|true|true|######|C###
1184|CP371|Rec.500:Carga Mineral|PROCESO|PROD. EN PROCESO|false|false| | 
1186|CP509|BASE ECOTECH|PROCESO|PROD. EN PROCESO|false|false| | 
1188|CP410|TERM. HSR8515|PROCESO|PROD. EN PROCESO|false|false| | 
1189|CP888|MUESTRA P/ ANALISIS|PROCESO|PROD. EN PROCESO|false|false||
1190|236-24-92-04031|ACETONA|IQ|INSUMO QUIMICO|false|false| | 
1192|H2111|REFORMADO LIVIANO|M.PRIM|MATERIA PRIMA|false|false| | 
1193|236-24-28-04001|GEN 195 L|IQ|INSUMO QUIMICO|false|false| | 
1194|236-24-24-00003|FLOCADH N 25|IQ|INSUMO QUIMICO|false|false| | 
1195|236-24-24-00002|FLOCADH C 22|IQ|INSUMO QUIMICO|false|false| | 
1196|236-24-92-04025|AMONIACO (CAL. REFRIGERACION)|IQ|INSUMO QUIMICO|false|false| | 
1197|ICI001|EFLUENTE SALIDA ECUALIZADORA|AMBIENTAL|AMBIENTAL|false|false| | 
1198|ICI002|EFLUENTE ENTRADA ECUALIZADORA|AMBIENTAL|AMBIENTAL|false|false| | 
1199|ICI003|EFLUENTE SALIDA RIO|AMBIENTAL|AMBIENTAL|false|false| | 
1201|EMB-001|EMB-001 FILM CON BAJA TEMPERATURA DE INCORPORACION Y PROTECCION UV|EMBALAJE|EMBALAJE|false|false| | 
1202|EMB-110|EMB-110 CINTA DE POLIETILENO PARA IDENTIFICACION DE ARPOL/ARNIPOL|EMBALAJE|EMBALAJE|false|false| | 
1205|EN-346|EN-346 TARIMA TRATADAS TERMICAMENTE PARA CAJA DE CARTON PARA 36 FARDOS|EMBALAJE|EMBALAJE|false|false| | 
1206|EN-044|EN-044 BOLSA PERFORADA DE POLIETILENO PARA CAJON DE 25 FARDOS|EMBALAJE|EMBALAJE|false|false| | 
1207|EN-153|EN-153 FLEJE DE PET PARA ZUNCHADO DE CAJONES|EMBALAJE|EMBALAJE|false|false| | 
1208|EN-154|EN-154 FLEJE DE POLIPROPILENO PARA TAPA DE CAJONES DE CARTON|EMBALAJE|EMBALAJE|false|false| | 
1209|H0110|NAFTA PETROQUIMICA|P.TERM|PROD. TERMINADO|false|false| | 
1210|AGUA LAV|AGUA LAVADO|PROCESO|PROD. EN PROCESO|false|false| | 
1211|CP603|EPA-225 SOLUCION  ANTIESPUMANTE SBR|PROCESO|PROD. EN PROCESO|false|false| | 
1213|EMAGO|ESTIRENO MONOMERO AGOTADO|M.PRIM|MATERIA PRIMA|false|false| | 
1215|BOMBEO ICI|NAFTA VIRGEN INTERFASE ICI|M.PRIM|MATERIA PRIMA|false|false| | 
1218|CP325|Rx.Inter. Batch EPA910-BJLT|PROCESO|PROD. EN PROCESO|false|false| | 
1219|CP375|GAS RESIDUAL|PROCESO|PROD. EN PROCESO|false|false| | 
1220|GASOLINA|GASOLINA|SERV. A CO|SERV. A COMPANIA RELAC.|false|false| | 
1229|CP376|Rx. Final Batch-1721|PROCESO|PROD. EN PROCESO|false|false| | 
1232|CP377|Desp. Batch. 1721|PROCESO|PROD. EN PROCESO|false|false| | 
1233|236-24-92-04032|PHP-(HIDROPEROXIDO DE PINANO)|IQ|INSUMO QUIMICO|false|false| | 
1090|SLH026|GAS OIL - CALID. EXPORTACION|NO_CATA|No Catalogado|false|false|##/##/##-TK###|TK###
1122|SLA103|SL EMULSION MEDIA 2|NO_CATA|No Catalogado|false|false| | 
1239|EXT017|NAFTA INSPECTORES ASOCIADOS|SERV. A CO|SERV. A COMPANIA RELAC.|false|false| | 
1241|CP800|BIODIESEL|SERV. A CO|SERV. A COMPANIA RELAC.|false|false| | 
1242|P0001|PRUEBA|AMBIENTAL|AMBIENTAL|false|false| | 
1243|GAS|GAS MEZCLA USINA|PROCESO|PROD. EN PROCESO|false|false| | 
1244|GAS NATURAL|GAS NATURAL USINA|PROCESO|PROD. EN PROCESO|false|false| | 
1245|E0049|SCRAP B NEGRO|P.TERM|PROD. TERMINADO|false|false| | 
1246|E0050|SCRAP B BLANCO|P.TERM|PROD. TERMINADO|false|false| | 
1247|E0005O|1502 OFF VISUAL|P.TERM|PROD. TERMINADO|true|true|######|C###
1248|E0007O|1510 OFF VISUAL|P.TERM|PROD. TERMINADO|true|true|######|C###
1250|E0016O|1721 OFF VISUAL|P.TERM|PROD. TERMINADO|true|true|######|C###
1251|E1712O|1712 OFF VISUAL|P.TERM|PROD. TERMINADO|true|true|######|C###
1252|E0083O|CLT OFF|P.TERM|PROD. TERMINADO|true|true|######|C###
1253|E0073O|CJLT OFF|P.TERM|PROD. TERMINADO|true|true|######|C###
1254|E0081O|BLT OFF|P.TERM|PROD. TERMINADO|true|true|######|C###
1255|E0054O|BJLT SE OFF|P.TERM|PROD. TERMINADO|true|true|######|C###
1256|E0082O|BJLT OFF|P.TERM|PROD. TERMINADO|true|true|######|C###
1257|E0076O|BJJLT OFF|P.TERM|PROD. TERMINADO|true|true|######|C###
1258|CP420|CARGA RECAR|PROCESO|PROD. EN PROCESO|false|false| | 
1261|CP423|FDO EXTRACTORA|PROCESO|PROD. EN PROCESO|false|false| | 
1262|CP424|AGUA DE WATER STRIPPER|PROCESO|PROD. EN PROCESO|false|false| | 
1263|CP425|FDO COLUMNA LAVADORA|PROCESO|PROD. EN PROCESO|false|false| | 
1264|CP427|AGUA CIMA DESPOJADORA|PROCESO|PROD. EN PROCESO|false|false| | 
1265|CP429|AGUA TAMBOR 251|PROCESO|PROD. EN PROCESO|false|false| | 
1266|CP430|AGUA SDA LAV. REFINADO|PROCESO|PROD. EN PROCESO|false|false| | 
1267|CP428|REFLUJO DE FONDO|PROCESO|PROD. EN PROCESO|false|false| | 
1268|CP440|LPG|PROCESO|PROD. EN PROCESO|false|false| | 
1269|H2082|ETILENO|P.TERM|PROD. TERMINADO|false|false| | 
1270|CP450|CIMA DESISOBUTANIZADORA|PROCESO|PROD. EN PROCESO|false|false| | 
1271|CP451|FONDO DESISOBUTANIZADORA|PROCESO|PROD. EN PROCESO|false|false| | 
1272|236-32-28-04002|RETARDADOR I-5|IQ|INSUMO QUIMICO|false|false| | 
1274|CP452|FONDO T. PREFRACC.|PROCESO|PROD. EN PROCESO|false|false| | 
1249|E0058O|1510 LM OFF VISUAL|P.TERM|PROD. TERMINADO|true|true|######|C###
1278|E0086|ARPOL 1712 LP-Y|P.TERM|PROD. TERMINADO|true|true|######|C###
1279|CP455|TERM. 1793 DE LINEA|PROCESO|PROD. EN PROCESO|true|true|######|C###
1280|E0086O|1793 OFF VISUAL|P.TERM|PROD. TERMINADO|true|true|######|C###
754|236-40-08-00044|QU-1627 SULFATO DE ALUMINIO|IQ|INSUMO QUIMICO|false|false| | 
1283|CP456|TERM. 1712 LP-P DE LINEA|PROCESO|PROD. EN PROCESO|false|false||
1284|CP457|TERM. 1721 LP-P DE LINEA|PROCESO|PROD. EN PROCESO|false|false| | 
1285|E0087|ARPOL 1712 LP-P|P.TERM|PROD. TERMINADO|true|true|######|C###
1286|E0087O|1712 LP-P OFF VISUAL|P.TERM|PROD. TERMINADO|true|true|######|C###
1287|E0088|ARPOL 1721 LP-P|P.TERM|PROD. TERMINADO|true|true|######|C###
1288|E0088O|1721 LP-P OFF VISUAL|P.TERM|PROD. TERMINADO|true|true|######|C###
1290|CP510|BASE NAFTA PREMIUM|PROCESO|PROD. EN PROCESO|false|false||
1295|S1076462|ACEITE EXTENDEDOR BAJO PCA|IQ|INSUMO QUIMICO|false|false||
1296|S1078384|CINTA IDENTIFICATORIA 1712 LP|EMBALAJE|EMBALAJE|false|false| | 
1297|S1078385|CINTA IDENTIFICATORIA 1721 LP|EMBALAJE|EMBALAJE|false|false| | 
1299|H0266|NAPHTHA|P.TERM|PROD. TERMINADO|false|false| | 
1300|CP323|Rec. EP-6E-0756: Aceite bajo PCA|PROCESO|PROD. EN PROCESO|false|false||
1301|EXT018|NITROGENO SYNTHON|SERV. A CO|SERV. A COMPANIA RELAC.|false|false||
1302|CP458|TERM. 1799 DE LINEA|PROCESO|PROD. EN PROCESO|true|true|######|C###
1303|E0085|ARPOL 1721 LP-Y|P.TERM|PROD. TERMINADO|true|true|######|C###
1305|RM1110.4|NAFTA VIRGEN PETROLERA ARGENTINA|M.PRIM|MATERIA PRIMA|false|false||
1306|ESP|MUESTRA ESPECIAL AMBIENTAL|AMBIENTAL|AMBIENTAL|false|false||
1307|IRAM-NAFTA|NAFTA IRAM|OI|OTROS INSUMOS|false|false||
1308|CP709|OFF GAS DESULFU|PROCESO|PROD. EN PROCESO|false|false||
1309|CP801|SOLVENTE REGENERADO|PROCESO|PROD. EN PROCESO|false|false||
1311|CP710|FDO T. BENCENO-REFORMA|PROCESO|PROD. EN PROCESO|false|false||
1313|CP720|BO5|AMBIENTAL|AMBIENTAL|false|false||
1317|CP372|REC EP-5IE-06324 ANTIADHERENTE DFL|PROCESO|PROD. EN PROCESO|false|false||
1322|CP725|ISOHEXANO|PROCESO|PROD. EN PROCESO|false|false||
1323|CP726|FDO. TORRE 12D14-301|PROCESO|PROD. EN PROCESO|false|false||
1330|E0089|ARPOL 1712 LP-Y LM|P.TERM|PROD. TERMINADO|false|false||
1331|E0089O|ARPOL 1793 L OFF VISUAL|P.TERM|PROD. TERMINADO|false|false||
1332|CP750|TERM. 1793 L DE LINEA|PROCESO|PROD. EN PROCESO|false|false||
1334|IRAM-GASOIL|GASOIL IRAM|OI|OTROS INSUMOS|false|false||
1335|IRAM-JET-A1|JET A1 IRAM|OI|OTROS INSUMOS|false|false||
1337|CP727|REFRIGENRANTE COMP. FREON|PROCESO|PROD. EN PROCESO|false|false||
1338|CP810|MASCARA PARA ESCAPE|AMBIENTAL|AMBIENTAL|false|false||
1343|CP348|Rx.Final Cont.EPA110-1712LPY|PROCESO|PROD. EN PROCESO|false|false||
1344|CP349|TK LATEX ARPOL 1712 LPY|PROCESO|PROD. EN PROCESO|false|false||
1351|CP711|CIMA TORRE DESPROPA|PROCESO|PROD. EN PROCESO|false|false||
1354|CP459|TERM. 1502 LNF DE LINEA|PROCESO|PROD. EN PROCESO|true|true|######|C###
1355|E0090|ARPOL 1502 LNF|P.TERM|PROD. TERMINADO|true|true|######|C###
1357|H0300|NPM|P.TERM|PROD. TERMINADO|false|false||
1360|MUESTRA|MUESTRA|SERV. A CO|SERV. A COMPANIA RELAC.|false|false||
1361|CP511|NAFTA GRADO 2|PROCESO|PROD. EN PROCESO|false|false||
1362|CP512|NAFTA GRADO 3|PROCESO|PROD. EN PROCESO|false|false||
1363|CP460|CIMA T. TOLUENO|PROCESO|PROD. EN PROCESO|false|false||
1371|CP461|TOLUENO NITRACION|PROCESO|PROD. EN PROCESO|false|false||
1372|CP462|TOLUENO BLENDING|PROCESO|PROD. EN PROCESO|false|false||
1376|CP890|NAFTA VIRGEN (externo)|SERV. A CO|SERV. A COMPANIA RELAC.|false|false||
1379|H2080|REFORMADO|P.TERM|PROD. TERMINADO|true|true|####|TK###
1386|CP464|AIRE INMISION (CAPC)|AMBIENTAL|AMBIENTAL|false|false||
1387|CP465|AIRE INMISION (CAPL)|AMBIENTAL|AMBIENTAL|false|false||
1388|CP466|AIRE EMISION FUENTE FIJA|AMBIENTAL|AMBIENTAL|false|false||
1395|E1793|SBR ARPOL 1793|P.TERM|PROD. TERMINADO|true|true|######|C###
1396|E1795|SBR ARPOL 1793L|P.TERM|PROD. TERMINADO|true|true|######|C###
1397|E1799|SBR ARPOL 1799|P.TERM|PROD. TERMINADO|true|true|######|C###
1401|AGUA ORG|AGUA POTABLE ORGANICOS|AMBIENTAL|AMBIENTAL|false|false||
1402|AGUA INOR|AGUA POTABLE INORGANICOS|AMBIENTAL|AMBIENTAL|false|false||
1403|AGUA BACT|AGUA POTABLE BACTERIOLOGICOS|AMBIENTAL|AMBIENTAL|false|false||
1405|EN-470/2|EN-470 CINTA IDENT. ARPOL 1793|EMBALAJE|EMBALAJE|false|false||
1406|EN-475/2|EN-475 CINTA IDENT. ARPOL 1799|EMBALAJE|EMBALAJE|false|false||
1407|CP513|COL. DESP. CONT. EPA220-1793|PROCESO|PROD. EN PROCESO|false|false||
1408|CP514|RX FINAL CONT. EPA110-1793|PROCESO|PROD. EN PROCESO|false|false||
1409|CP515|TK LATEX ARPOL 1793|PROCESO|PROD. EN PROCESO|false|false||
1420|CP521|NAFTA LIVIANA|PROCESO|PROD. EN PROCESO|false|false||
1422|CP604|FDO HIGH FLASH|PROCESO|PROD. EN PROCESO|false|false||
1365|H0270|BASE NAFTA GRADO 2|P.TERM|PROD. TERMINADO|true|true|####|TK-###
1373|CP820|CARGA PYGAS|PROCESO|PROD. EN PROCESO|false|false||
1374|CP822|SALIDA PYGAS|PROCESO|PROD. EN PROCESO|false|false||
1377|E0085O|1799 OFF VISUAL|P.TERM|PROD. TERMINADO|true|true|######|C###
1381|H0271|BASE NAFTA GRADO 3|P.TERM|PROD. TERMINADO|true|true|####|TK-###
1382|CP463|JABON DE RESINA CONCENTRADO|IQ|INSUMO QUIMICO|false|false||
1398|E1793O|1793 OFF VISUAL|P.TERM|PROD. TERMINADO|true|true|######|C###
1400|E1799O|1799 OFF VISUAL|P.TERM|PROD. TERMINADO|true|true|######|C###
1410|CP516|RX FINAL CONT. EPA130-1799|PROCESO|PROD. EN PROCESO|false|false||
1411|CP517|COL. DESP. CONT. EPA220-1799|PROCESO|PROD. EN PROCESO|false|false||
1412|CP518|RX FINAL BATCH-1799|PROCESO|PROD. EN PROCESO|false|false||
1413|CP519|DESP. BATCH. 1799|PROCESO|PROD. EN PROCESO|false|false||
1414|CP520|TK LATEX ARPOL 1799|PROCESO|PROD. EN PROCESO|false|false||
1415|CP378|H2 CARGA HDS|PROCESO|PROD. EN PROCESO|false|false||
1416|CP728|C.RERUN+C.FLASH|PROCESO|PROD. EN PROCESO|false|false||
1419|EN-156|EN-156 FILM DE POLIET. P/ ARPOL CON EVA|EMBALAJE|EMBALAJE|false|false||
SUAL|P.TERM|PROD. TERMINADO|true|true|######|C###
1381|H0271|BASE NAFTA GRADO 3|P.TERM|PROD. TERMINADO|true|true|####|TK-###
1382|CP463|JABON DE RESINA CONCENTRADO|IQ|INSUMO QUIMICO|false|false||
1398|E1793O|1793 OFF VISUAL|P.TERM|PROD. TERMINADO|true|true|######|C###
1400|E1799O|1799 OFF VISUAL|P.TERM|PROD. TERMINADO|true|true|######|C###
1410|CP516|RX FINAL CONT. EPA130-1799|PROCESO|PROD. EN PROCESO|false|false||
1411|CP517|COL. DESP. CONT. EPA220-1799|PROCESO|PROD. EN PROCESO|false|false||
1412|CP518|RX FINAL BATCH-1799|PROCESO|PROD. EN PROCESO|false|false||
1413|CP519|DESP. BATCH. 1799|PROCESO|PROD. EN PROCESO|false|false||
1414|CP520|TK LATEX ARPOL 1799|PROCESO|PROD. EN PROCESO|false|false||
1415|CP378|H2 CARGA HDS|PROCESO|PROD. EN PROCESO|false|false||
1416|CP728|C.RERUN+C.FLASH|PROCESO|PROD. EN PROCESO|false|false||
1419|EN-156|EN-156 FILM DE POLIET. P/ ARPOL CON EVA|EMBALAJE|EMBALAJE|false|false||
